a11_l1_polen	Meine Freundin kommt aus Polen.	My friend comes from Poland.
a11_l1_polnisch	Sprichst du Polnisch?	Do you speak Polish?
a11_l1_tuerkei	Wir fahren im Sommer in die Türkei.	We are going to Turkey in the summer.
a11_l1_tuerkisch	Mein Nachbar spricht Türkisch und Deutsch.	My neighbour speaks Turkish and German.
a11_l1_spanien	Spanien ist im Sommer sehr heiß.	Spain is very hot in the summer.
a11_l1_spanisch	Ich lerne seit einem Jahr Spanisch.	I have been learning Spanish for a year.
a11_l1_china	Peking liegt in China.	Beijing is in China.
a11_l1_chinesisch	Chinesisch ist eine schwere Sprache.	Chinese is a difficult language.
a11_l1_deutsch	Wir lernen zusammen Deutsch.	We are learning German together.
a11_l1_russland	Russland ist ein sehr großes Land.	Russia is a very big country.
a11_l1_russisch	Meine Großmutter spricht nur Russisch.	My grandmother only speaks Russian.
a11_l1_grossbritannien	London ist die Hauptstadt von Großbritannien.	London is the capital of Great Britain.
a11_l1_englisch	Im Büro sprechen wir oft Englisch.	In the office we often speak English.
a11_l1_frankreich	Paris liegt in Frankreich.	Paris is in France.
a11_l1_franzoesisch	Sie versteht ein bisschen Französisch.	She understands a little French.
a11_l1_italien	In Italien essen wir viel Pizza.	In Italy we eat a lot of pizza.
a11_l1_italienisch	Das Italienisch von Marco ist sehr schön.	Marco's Italian is very nice.
a11_l1_griechenland	Wir machen Urlaub in Griechenland.	We are on holiday in Greece.
a11_l1_griechisch	Das Griechisch hat ein eigenes Alphabet.	Greek has its own alphabet.
a11_l2_lehrerin	Die Lehrerin erklärt die Wörter.	The teacher explains the words.
a11_l2_enkel	Der Enkel besucht seine Oma am Sonntag.	The grandson visits his grandma on Sunday.
a11_l2_ehemann	Ihr Ehemann arbeitet in Berlin.	Her husband works in Berlin.
a11_l2_partner	Mein Partner kocht heute.	My partner is cooking today.
a11_l3_wurstbroetchen	Ich möchte ein Wurstbrötchen, bitte.	I would like a sausage roll, please.
a11_l3_apfelkuchen	Oma backt einen Apfelkuchen.	Grandma is baking an apple cake.
a11_l3_eis	Im Sommer essen die Kinder gern Eis.	In the summer the children like eating ice cream.
a11_l4_haselnuss	Das Eichhörnchen findet eine Haselnuss.	The squirrel finds a hazelnut.
a11_l4_silber	Der Ring ist aus Silber.	The ring is made of silver.
a11_l4_gold	Die Uhr ist aus Gold.	The watch is made of gold.
a11_l4_drucker	Der Drucker hat kein Papier mehr.	The printer has no paper left.
a11_l5_januar	Im Januar ist es oft kalt.	It is often cold in January.
a11_l5_februar	Mein Bruder hat im Februar Geburtstag.	My brother's birthday is in February.
a11_l5_maerz	Im März kommen die ersten Blumen.	The first flowers come in March.
a11_l5_april	Der Kurs beginnt am ersten April.	The course starts on the first of April.
a11_l5_mai	Im Mai heiraten meine Freunde.	My friends are getting married in May.
a11_l5_juni	Im Juni sind die Tage lang.	The days are long in June.
a11_l5_juli	Im Juli fahren wir ans Meer.	In July we are going to the sea.
a11_l5_august	Der August ist der wärmste Monat.	August is the warmest month.
a11_l5_september	Die Schule beginnt im September.	School starts in September.
a11_l5_oktober	Im Oktober fallen die Blätter.	The leaves fall in October.
a11_l5_november	Der November ist oft grau und nass.	November is often grey and wet.
a11_l5_dezember	Im Dezember feiern wir Weihnachten.	We celebrate Christmas in December.
a11_l6_fruehjahr	Im Frühjahr arbeiten wir im Garten.	In spring we work in the garden.
a11_l6_freund	Am Abend treffe ich meinen Freund.	In the evening I am meeting my friend.
a11_l7_mathe	Mathe ist mein Lieblingsfach.	Maths is my favourite subject.
a12_l8_chef	Der Chef hat heute keine Zeit.	The boss has no time today.
a12_l8_chefin	Die Chefin ruft mich gleich an.	The boss is calling me in a moment.
a12_l8_patient	Der Patient wartet im Wartezimmer.	The patient is waiting in the waiting room.
a12_l8_patientin	Die Patientin hat Fieber.	The patient has a fever.
a12_l8_journalist	Der Journalist schreibt einen Artikel.	The journalist is writing an article.
a12_l8_journalistin	Die Journalistin macht ein Interview.	The journalist is doing an interview.
a12_l8_hausmeister	Der Hausmeister repariert die Heizung.	The caretaker is repairing the heating.
a12_l8_hausmeisterin	Die Hausmeisterin hat den Schlüssel.	The caretaker has the key.
a12_l8_arztin	Die Ärztin untersucht das Kind.	The doctor examines the child.
a12_l8_ingenieur	Der Ingenieur plant eine Brücke.	The engineer is planning a bridge.
a12_l8_ingenieurin	Die Ingenieurin arbeitet bei einer Autofirma.	The engineer works at a car company.
a12_l8_hausmann	Mein Mann ist Hausmann und kocht jeden Tag.	My husband is a househusband and cooks every day.
a12_l8_hausfrau	Als Hausfrau hat sie viel zu tun.	As a housewife she has a lot to do.
a12_l8_polizist	Der Polizist zeigt uns den Weg.	The police officer shows us the way.
a12_l8_polizistin	Die Polizistin kontrolliert die Autos.	The police officer is checking the cars.
a12_l8_krankenpfleger	Der Krankenpfleger bringt das Essen.	The nurse brings the food.
a12_l8_krankenschwester	Die Krankenschwester misst das Fieber.	The nurse takes the temperature.
a12_l8_schueler	Der Schüler macht seine Hausaufgaben.	The pupil is doing his homework.
a12_l8_schuelerin	Die Schülerin liest ein Buch in der Pause.	The pupil reads a book during the break.
a12_l8_student	Der Student wohnt in einer WG.	The student lives in a shared flat.
a12_l8_studentin	Die Studentin schreibt eine Prüfung.	The student is taking an exam.
a12_l8_babysitter	Der Babysitter spielt mit den Kindern.	The babysitter plays with the children.
a12_l8_babysitterin	Heute Abend kommt die Babysitterin.	The babysitter is coming this evening.
a12_l8_leiter	Der Leiter der Firma heißt Herr Braun.	The head of the company is called Mr Braun.
a12_l8_leiterin	Die Leiterin der Schule begrüßt die Eltern.	The head of the school welcomes the parents.
a12_l8_reisefuehrer	Der Reiseführer erzählt viel über die Stadt.	The tour guide tells us a lot about the city.
a12_l8_reisefuehrerin	Die Reiseführerin spricht vier Sprachen.	The tour guide speaks four languages.
a12_l8_tourist	Ein Tourist fragt nach dem Bahnhof.	A tourist asks for the station.
a12_l8_touristin	Die Touristin macht viele Fotos.	The tourist takes a lot of photos.
a12_l8_kellner	Der Kellner bringt die Speisekarte.	The waiter brings the menu.
a12_l8_kellnerin	Die Kellnerin fragt: „Was möchten Sie trinken?“	The waitress asks: "What would you like to drink?"
a12_l8_architekt	Der Architekt zeichnet ein neues Haus.	The architect is drawing a new house.
a12_l8_architektin	Die Architektin zeigt uns die Pläne.	The architect shows us the plans.
a12_l8_arbeiter	Die Arbeiter bauen eine neue Straße.	The workers are building a new road.
a12_l8_arbeiterin	Die Arbeiterin trägt einen Helm.	The worker is wearing a helmet.
a12_l8_kollege	Mein Kollege hilft mir am Computer.	My colleague helps me at the computer.
a12_l8_kollegin	Ich esse mittags mit meiner Kollegin.	I have lunch with my colleague.
a12_l8_koch	Der Koch macht eine gute Suppe.	The cook makes a good soup.
a12_l8_koechin	Die Köchin arbeitet in einem Hotel.	The cook works in a hotel.
a12_l8_auszubildende	Der Auszubildende lernt drei Jahre in der Firma.	The trainee learns at the company for three years.
a12_l8_auszubildende_2	Die Auszubildende geht zweimal pro Woche zur Berufsschule.	The trainee goes to vocational school twice a week.
a12_l8_praktikant	Der Praktikant kocht Kaffee für das Team.	The intern makes coffee for the team.
a12_l8_praktikantin	Die Praktikantin bleibt drei Monate bei uns.	The intern is staying with us for three months.
a12_l8_beruf	Was sind Sie von Beruf?	What do you do for a living?
a12_l8_ausbildung	Er macht eine Ausbildung als Koch.	He is doing an apprenticeship as a cook.
a12_l8_job	Im Sommer hat sie einen Job im Café.	In the summer she has a job in a café.
a12_l8_stelle	Ich suche eine neue Stelle.	I am looking for a new job.
a12_l8_bewerbung	Ich schicke meine Bewerbung per E-Mail.	I am sending my application by email.
a12_l8_praktikum	Sie macht ein Praktikum bei einer Bank.	She is doing an internship at a bank.
a12_l8_wirtschaft	Die Wirtschaft in Deutschland ist stark.	The economy in Germany is strong.
a12_l8_diplom	Nach dem Studium bekommt er sein Diplom.	After his studies he gets his diploma.
a12_l8_buero	Ich arbeite von neun bis fünf im Büro.	I work in the office from nine to five.
a12_l8_information	Die Information finden Sie im Internet.	You can find the information on the internet.
a12_l8_gruss	Viele Grüße an deine Familie!	Best wishes to your family!
a12_l8_erfahrung	Haben Sie Erfahrung als Verkäufer?	Do you have experience as a salesperson?
a12_l8_universitaet	Mein Bruder studiert an der Universität Wien.	My brother studies at the University of Vienna.
a12_l8_semester	Das Semester beginnt im Oktober.	The semester begins in October.
a12_l8_studium	Das Studium dauert fünf Jahre.	The degree takes five years.
a12_l8_service	Der Service in diesem Restaurant ist sehr freundlich.	The service in this restaurant is very friendly.
a12_l8_tourismus	In den Bergen lebt man vom Tourismus.	In the mountains people live from tourism.
a12_l8_kontakt	Wir haben noch Kontakt nach der Schule.	We are still in contact after school.
a12_l8_team	Unser Team trifft sich jeden Montag.	Our team meets every Monday.
a12_l8_handel	Er arbeitet im Handel und verkauft Möbel.	He works in trade and sells furniture.
a12_l8_traum	Mein Traum ist ein Haus am Meer.	My dream is a house by the sea.
a12_l8_bereich	Der Bereich für Nichtraucher ist draußen.	The non-smoking area is outside.
a12_l8_mode	Sie interessiert sich sehr für Mode.	She is very interested in fashion.
a12_l8_dauer	Die Dauer des Kurses ist zehn Wochen.	The length of the course is ten weeks.
a12_l8_geld	Ich habe leider kein Geld dabei.	Unfortunately I have no money on me.
a12_l8_stunde	Der Film dauert zwei Stunden.	The film lasts two hours.
a12_l8_konzert	Am Samstag gehen wir ins Konzert.	On Saturday we are going to the concert.
a12_l8_agentur	Sie arbeitet bei einer Agentur für Werbung.	She works at an advertising agency.
a12_l8_geschichte	Opa erzählt eine lustige Geschichte.	Grandpa tells a funny story.
a12_l8_krankenhaus	Meine Mutter arbeitet im Krankenhaus.	My mother works at the hospital.
a12_l8_interview	Morgen habe ich ein Interview mit der Zeitung.	Tomorrow I have an interview with the newspaper.
a12_l8_thema	Das Thema heute ist „Arbeit“.	Today's topic is "work".
a12_l9_amt	Für den Pass muss ich zum Amt.	I have to go to the authorities for my passport.
a12_l9_antrag	Füllen Sie bitte den Antrag aus.	Please fill in the application form.
a12_l9_ausweis	Kann ich bitte Ihren Ausweis sehen?	Can I see your ID card, please?
a12_l9_pass	Mein Pass ist nicht mehr gültig.	My passport is no longer valid.
a12_l9_kreditkarte	Kann ich mit Kreditkarte bezahlen?	Can I pay by credit card?
a12_l9_anmeldung	Die Anmeldung für den Kurs ist bis Freitag.	Registration for the course is until Friday.
a12_l9_gebuehr	Die Gebühr für den Ausweis kostet 37 Euro.	The fee for the ID card is 37 euros.
a12_l9_kasse	Bitte bezahlen Sie an der Kasse.	Please pay at the till.
a12_l9_zigarette	Er raucht nach dem Essen eine Zigarette.	He smokes a cigarette after the meal.
a12_l9_gepaeck	Unser Gepäck ist noch im Auto.	Our luggage is still in the car.
a12_l9_parkplatz	Ich finde keinen Parkplatz in der Stadt.	I can't find a parking space in town.
a12_l9_automat	Die Fahrkarte kaufst du am Automaten.	You buy the ticket at the machine.
a12_l9_ziel	Das Ziel unserer Reise ist Hamburg.	The destination of our trip is Hamburg.
a12_l9_fuehrerschein	Mit 18 macht sie den Führerschein.	At 18 she is taking her driving test.
a12_l9_ticket	Hast du schon ein Ticket für das Spiel?	Have you got a ticket for the match yet?
a12_l9_fahrkarte	Eine Fahrkarte nach München, bitte.	A ticket to Munich, please.
a12_l9_fahrt	Die Fahrt nach Berlin dauert vier Stunden.	The journey to Berlin takes four hours.
a12_l9_minute	Der Bus kommt in fünf Minuten.	The bus is coming in five minutes.
a12_l9_rundgang	Der Rundgang durch die Altstadt beginnt um zehn.	The walking tour of the old town starts at ten.
a12_l9_sehenswuerdigkeit	Das Brandenburger Tor ist eine bekannte Sehenswürdigkeit.	The Brandenburg Gate is a famous sight.
a12_l9_einkauf	Nach dem Einkauf trinken wir einen Kaffee.	After the shopping we have a coffee.
a12_l9_einwohner	Die Stadt hat 50.000 Einwohner.	The town has 50,000 inhabitants.
a12_l9_stadtplan	Am Kiosk gibt es einen Stadtplan.	There is a city map at the kiosk.
a12_l9_geburt	Nach der Geburt bleibt sie ein Jahr zu Hause.	After the birth she stays at home for a year.
a12_l9_ermaessigung	Studenten bekommen eine Ermäßigung.	Students get a discount.
a12_l9_oper	Am Wochenende gehen wir in die Oper.	At the weekend we are going to the opera.
a12_l9_fuehrung	Die Führung durch das Museum ist kostenlos.	The guided tour of the museum is free.
a12_l9_dom	Der Kölner Dom ist sehr alt.	Cologne Cathedral is very old.
a12_l9_schritt	Gehen Sie zwei Schritte nach links.	Take two steps to the left.
a12_l9_gebaeude	Das Gebäude hat zwanzig Stockwerke.	The building has twenty floors.
a12_l9_eintritt	Der Eintritt für Kinder ist frei.	Admission is free for children.
a12_l9_auskunft	Am Schalter bekommen Sie eine Auskunft.	You can get information at the counter.
a12_l9_zentrum	Das Hotel liegt im Zentrum.	The hotel is in the centre.
a12_l9_altstadt	Die Altstadt hat viele kleine Gassen.	The old town has lots of little lanes.
a12_l9_see	Im Sommer schwimmen wir im See.	In the summer we swim in the lake.
a12_l9_haltestelle	Die Haltestelle ist direkt vor dem Haus.	The stop is right in front of the house.
a12_l9_hotel	Wir übernachten in einem kleinen Hotel.	We are staying the night in a small hotel.
a12_l9_ergebnis	Das Ergebnis des Tests kommt morgen.	The result of the test comes tomorrow.
a12_l9_wc	Entschuldigung, wo ist das WC?	Excuse me, where is the toilet?
a12_l9_klimaanlage	Im Sommer brauchen wir eine Klimaanlage.	In the summer we need air conditioning.
a12_l9_fruehstueck	Das Frühstück gibt es von sieben bis zehn Uhr.	Breakfast is from seven to ten o'clock.
a12_l9_lage	Die Lage der Wohnung ist perfekt.	The location of the flat is perfect.
a12_l9_blick	Vom Balkon hat man einen tollen Blick.	From the balcony you have a great view.
a12_l9_terrasse	Wir frühstücken auf der Terrasse.	We have breakfast on the terrace.
a12_l9_schwimmbad	Das Hotel hat ein Schwimmbad.	The hotel has a swimming pool.
a12_l9_doppelzimmer	Wir möchten ein Doppelzimmer für zwei Nächte.	We would like a double room for two nights.
a12_l9_einzelzimmer	Ein Einzelzimmer kostet 60 Euro pro Nacht.	A single room costs 60 euros per night.
a12_l9_gast	Heute Abend kommen fünf Gäste zum Essen.	Five guests are coming to dinner this evening.
a12_l9_wunsch	Haben Sie noch einen Wunsch?	Would you like anything else?
a12_l9_nichtraucher	Mein Vater ist seit zehn Jahren Nichtraucher.	My father has been a non-smoker for ten years.
a12_l9_ankunft	Die Ankunft des Zuges ist um 14 Uhr.	The train's arrival is at 2 pm.
a12_l9_rezeption	Den Schlüssel bekommen Sie an der Rezeption.	You get the key at reception.
a12_l9_rahm	In Österreich isst man den Kuchen mit Rahm.	In Austria you eat cake with cream.
a12_l9_vollpension	Mit Vollpension bekommen wir drei Mahlzeiten.	With full board we get three meals.
a12_l9_halbpension	Wir buchen das Hotel mit Halbpension.	We are booking the hotel with half board.
a12_l9_schluessel	Ich kann meinen Schlüssel nicht finden.	I can't find my key.
a12_l9_lift	Nehmen Sie den Lift in den dritten Stock.	Take the lift to the third floor.
a12_l9_laden	Der kleine Laden an der Ecke hat frisches Brot.	The little shop on the corner has fresh bread.
a12_l9_ubung	Machen Sie bitte Übung drei.	Please do exercise three.
a12_l9_text	Lesen Sie den Text und antworten Sie.	Read the text and answer.
a12_l9_unterricht	Der Unterricht beginnt um acht Uhr.	Lessons start at eight o'clock.
a12_l9_schluss	Zum Schluss singen wir ein Lied.	At the end we sing a song.
a12_l10_auge	Sie hat blaue Augen.	She has blue eyes.
a12_l10_bein	Nach dem Sport tut mir das Bein weh.	My leg hurts after sport.
a12_l10_ohr	Er hört auf einem Ohr schlecht.	He doesn't hear well in one ear.
a12_l10_arm	Mein Arm ist gebrochen.	My arm is broken.
a12_l10_bauch	Ich habe zu viel gegessen, mein Bauch tut weh.	I ate too much, my stomach hurts.
a12_l10_finger	Das Baby hält meinen Finger.	The baby is holding my finger.
a12_l10_fuss	Wir gehen zu Fuß zur Schule.	We walk to school.
a12_l10_hals	Ich habe Halsschmerzen und mein Hals ist rot.	I have a sore throat and my throat is red.
a12_l10_kopf	Mir tut der Kopf weh.	My head hurts.
a12_l10_ruecken	Vom Sitzen bekomme ich Schmerzen im Rücken.	Sitting gives me pain in my back.
a12_l10_brust	Der Arzt hört die Brust ab.	The doctor listens to the chest.
a12_l10_hand	Gib mir bitte deine Hand.	Give me your hand, please.
a12_l10_nase	Meine Nase läuft.	My nose is running.
a12_l10_mund	Machen Sie bitte den Mund auf.	Please open your mouth.
a12_l10_zahn	Ich putze jeden Morgen meine Zähne.	I brush my teeth every morning.
a12_l10_notaufnahme	Nach dem Unfall fahren wir in die Notaufnahme.	After the accident we drive to the emergency room.
a12_l10_unfall	Auf der Autobahn gab es einen Unfall.	There was an accident on the motorway.
a12_l10_doktor	Der Doktor gibt mir ein Rezept.	The doctor gives me a prescription.
a12_l10_schmerz	Wo haben Sie Schmerzen?	Where do you have pain?
a12_l10_tablette	Nehmen Sie eine Tablette nach dem Essen.	Take one tablet after meals.
a12_l10_medizin	Die Medizin schmeckt bitter.	The medicine tastes bitter.
a12_l10_husten	Seit drei Tagen habe ich Husten.	I have had a cough for three days.
a12_l10_salbe	Die Salbe hilft gegen den Schmerz.	The ointment helps against the pain.
a12_l10_gesundheit	Sport ist gut für die Gesundheit.	Sport is good for your health.
a12_l10_fieber	Das Kind hat hohes Fieber.	The child has a high fever.
a12_l10_schnupfen	Im Winter habe ich oft Schnupfen.	In winter I often have a cold.
a12_l10_praxis	Die Praxis ist am Mittwoch geschlossen.	The practice is closed on Wednesday.
a12_l10_fitness_studio	Nach der Arbeit gehe ich ins Fitness-Studio.	After work I go to the gym.
a12_l10_kursleiter	Der Kursleiter zeigt die Übung.	The course instructor demonstrates the exercise.
a12_l10_kursleiterin	Die Kursleiterin ist heute krank.	The course instructor is ill today.
a12_l10_spaziergang	Nach dem Essen machen wir einen Spaziergang.	After the meal we go for a walk.
a12_l10_muesli	Zum Frühstück esse ich ein Müsli.	I eat muesli for breakfast.
a12_l10_nachricht	Ich schreibe dir später eine Nachricht.	I will write you a message later.
a12_l10_lied	Das Lied höre ich jeden Tag im Radio.	I hear the song on the radio every day.
a12_l10_kuss	Sie gibt ihrem Sohn einen Kuss.	She gives her son a kiss.
a12_l10_inhalt	Der Inhalt des Pakets ist kaputt.	The contents of the parcel are broken.
a12_l10_absender	Auf dem Brief steht kein Absender.	There is no sender on the letter.
a12_l10_empfaenger	Der Empfänger wohnt in der Hauptstraße 5.	The recipient lives at Hauptstraße 5.
a12_l10_anrede	In einem Brief ist die Anrede „Sehr geehrte Damen und Herren“.	In a letter the salutation is "Dear Sir or Madam".
a12_l10_datum	Welches Datum ist heute?	What is the date today?
a12_l10_ort	Schreiben Sie Ort und Datum oben rechts.	Write the place and date at the top right.
a12_l10_zug	Der Zug fährt um 8:15 Uhr ab.	The train leaves at 8:15.
a12_l10_kilometer	Bis zur Arbeit sind es zwölf Kilometer.	It is twelve kilometres to work.
a12_l10_ordnung	Ist alles in Ordnung?	Is everything OK?
a12_l10_maedchen	Das Mädchen spielt im Garten Fußball.	The girl is playing football in the garden.
a12_l10_mensch	In der Stadt leben viele Menschen.	Many people live in the city.
a12_l10_bekannte	Ein Bekannter hat mir die Wohnung gezeigt.	An acquaintance showed me the flat.
a12_l10_bekannte_2	Eine Bekannte von mir arbeitet beim Arzt.	An acquaintance of mine works at the doctor's.
a12_l10_gruppe	Wir arbeiten heute in einer Gruppe.	Today we are working in a group.
a12_l10_wald	Am Sonntag gehen wir im Wald spazieren.	On Sunday we go for a walk in the woods.
a12_l10_bauernhof	Auf dem Bauernhof gibt es Kühe und Hühner.	There are cows and chickens on the farm.
a12_l11_werkstatt	Mein Auto ist in der Werkstatt.	My car is at the garage.
a12_l11_apotheke	Die Tabletten bekommst du in der Apotheke.	You can get the tablets at the pharmacy.
a12_l11_tankstelle	Wir brauchen Benzin, wo ist die nächste Tankstelle?	We need petrol, where is the nearest petrol station?
a12_l11_bruecke	Fahren Sie über die Brücke und dann links.	Drive over the bridge and then left.
a12_l11_ampel	An der Ampel müssen Sie warten.	You have to wait at the traffic light.
a12_l11_metzgerei	In der Metzgerei kaufe ich Wurst.	I buy sausage at the butcher's.
a12_l11_schule	Meine Tochter geht schon in die Schule.	My daughter already goes to school.
a12_l11_kindergarten	Um acht bringe ich meinen Sohn in den Kindergarten.	At eight I take my son to kindergarten.
a12_l11_post	Ich bringe das Paket zur Post.	I'm taking the parcel to the post office.
a12_l11_kiosk	Am Kiosk kaufe ich eine Zeitung.	I buy a newspaper at the kiosk.
a12_l11_buchhandlung	In der Buchhandlung gibt es auch Kalender.	There are calendars at the bookshop too.
a12_l11_buecherei	In der Bücherei kann man Bücher ausleihen.	You can borrow books at the library.
a12_l11_baeckerei	Die Bäckerei öffnet schon um sechs Uhr.	The bakery opens at six o'clock already.
a12_l11_bank	Ich muss noch Geld von der Bank holen.	I still have to get money from the bank.
a12_l11_fussgaengerzone	In der Fußgängerzone dürfen keine Autos fahren.	No cars are allowed in the pedestrian zone.
a12_l11_geschaeft	Das Geschäft hat bis 20 Uhr geöffnet.	The shop is open until 8 pm.
a12_l11_stadion	Im Stadion sind heute 40.000 Fans.	There are 40,000 fans in the stadium today.
a12_l11_ecke	Das Café ist gleich um die Ecke.	The café is just around the corner.
a12_l11_fussballplatz	Die Kinder trainieren auf dem Fußballplatz.	The children train on the football pitch.
a12_l11_s_bahn	Mit der S-Bahn bin ich in zehn Minuten am Flughafen.	By suburban train I'm at the airport in ten minutes.
a12_l11_autobahn	Auf der Autobahn ist heute viel Verkehr.	There is a lot of traffic on the motorway today.
a12_l11_weg	Können Sie mir den Weg zum Bahnhof zeigen?	Can you show me the way to the station?
a12_l11_bahnhof	Wir treffen uns am Bahnhof.	We are meeting at the station.
a12_l11_hauptbahnhof	Der Zug hält am Hauptbahnhof.	The train stops at the main station.
a12_l11_station	Steigen Sie an der nächsten Station aus.	Get off at the next stop.
a12_l11_strassenbahn	Ich fahre mit der Straßenbahn zur Arbeit.	I take the tram to work.
a12_l11_taxi	Es ist spät, wir nehmen ein Taxi.	It's late, let's take a taxi.
a12_l11_lkw	Der Lkw bringt die Möbel.	The lorry is bringing the furniture.
a12_l11_flugzeug	Das Flugzeug landet pünktlich in Frankfurt.	The plane lands in Frankfurt on time.
a12_l11_gleis	Der Zug nach Köln fährt von Gleis 7.	The train to Cologne leaves from platform 7.
a12_l11_bahnsteig	Auf dem Bahnsteig warten viele Leute.	Lots of people are waiting on the platform.
a12_l11_schalter	Am Schalter kann man Fahrkarten kaufen.	You can buy tickets at the counter.
a12_l11_fahrplan	Laut Fahrplan kommt der Bus um zehn nach drei.	According to the timetable the bus comes at ten past three.
a12_l11_durchsage	Hast du die Durchsage verstanden?	Did you understand the announcement?
a12_l11_verspaetung	Der Zug hat zwanzig Minuten Verspätung.	The train is twenty minutes late.
a12_l11_anschluss	In Mannheim habe ich keinen Anschluss mehr.	I have no connection in Mannheim any more.
a12_l11_naehe	Gibt es hier in der Nähe einen Supermarkt?	Is there a supermarket near here?
a12_l11_dvd	Heute Abend sehen wir eine DVD.	Tonight we are watching a DVD.
a12_l11_konferenz	Die Konferenz findet in Wien statt.	The conference takes place in Vienna.
a12_l11_kunde	Der Kunde möchte mit dem Chef sprechen.	The customer wants to speak to the boss.
a12_l11_kundin	Die Kundin bezahlt mit Karte.	The customer pays by card.
a12_l12_tasche	Meine Tasche ist sehr schwer.	My bag is very heavy.
a12_l12_tuete	Brauchen Sie eine Tüte?	Do you need a bag?
a12_l12_rechnung	Die Rechnung, bitte!	The bill, please!
a12_l12_verkaeufer	Der Verkäufer zeigt mir ein anderes Handy.	The sales assistant shows me a different phone.
a12_l12_verkaeuferin	Die Verkäuferin hilft mir bei der Größe.	The sales assistant helps me with the size.
a12_l12_reparatur	Die Reparatur dauert eine Woche.	The repair takes a week.
a12_l12_kamera	Mit der neuen Kamera mache ich tolle Fotos.	I take great photos with the new camera.
a12_l12_modell	Dieses Modell gibt es auch in Schwarz.	This model is also available in black.
a12_l12_garantie	Der Fernseher hat zwei Jahre Garantie.	The TV has a two-year warranty.
a12_l12_ersatzteil	Das Ersatzteil kommt erst nächste Woche.	The spare part only comes next week.
a12_l12_lager	Die Schuhe haben wir leider nicht mehr auf Lager.	Unfortunately we no longer have the shoes in stock.
a12_l12_beratung	Im Geschäft bekommen Sie eine gute Beratung.	You get good advice in the shop.
a12_l12_bitte	Ich habe eine Bitte: Kannst du mir helfen?	I have a request: can you help me?
a12_l12_tuer	Mach bitte die Tür zu.	Please close the door.
a12_l12_fenster	Darf ich das Fenster öffnen?	May I open the window?
a12_l12_licht	Mach bitte das Licht aus.	Please turn off the light.
a12_l12_papier	Der Drucker braucht neues Papier.	The printer needs new paper.
a12_l12_institut	Sie arbeitet an einem Institut für Sprachen.	She works at a language institute.
a12_l12_mitarbeiter	Die Firma hat 200 Mitarbeiter.	The company has 200 employees.
a12_l12_mitarbeiterin	Eine Mitarbeiterin ruft Sie gleich zurück.	An employee will call you back shortly.
a12_l12_mailbox	Ich spreche dir auf die Mailbox.	I'll leave you a voicemail.
a12_l12_fehler	In dem Text sind drei Fehler.	There are three mistakes in the text.
a12_l12_hilfe	Vielen Dank für deine Hilfe!	Thank you very much for your help!
a12_l12_uberweisung	Ich bezahle die Miete per Überweisung.	I pay the rent by bank transfer.
a12_l12_zeugnis	Am Ende des Schuljahres bekommen die Kinder ihr Zeugnis.	At the end of the school year the children get their report.
a12_l12_dokument	Bitte unterschreiben Sie das Dokument.	Please sign the document.
a12_l12_ubersetzung	Die Übersetzung ins Englische ist fertig.	The translation into English is ready.
a12_l12_flug	Der Flug nach Rom dauert zwei Stunden.	The flight to Rome takes two hours.
a12_l12_flughafen	Ich hole dich am Flughafen ab.	I'll pick you up at the airport.
a12_l12_terminal	Unser Flug geht von Terminal 2.	Our flight leaves from Terminal 2.
a12_l12_ausland	Sie möchte ein Jahr im Ausland arbeiten.	She wants to work abroad for a year.
a12_l12_maschine	Die Kaffeemaschine macht komische Geräusche.	The coffee machine is making strange noises.
a12_l12_reinigung	Ich bringe den Anzug in die Reinigung.	I'm taking the suit to the dry cleaner's.
a12_l12_dach	Die Katze sitzt auf dem Dach.	The cat is sitting on the roof.
a12_l12_nudel	Die Kinder essen am liebsten Nudeln.	The children like noodles best.
a12_l12_gericht	Mein Lieblingsgericht ist Gulasch.	My favourite dish is goulash.
a12_l12_mittagessen	Was gibt es heute zum Mittagessen?	What's for lunch today?
a12_l12_snack	Für die Fahrt nehme ich einen Snack mit.	I'm taking a snack for the journey.
a12_l12_freude	Das Geschenk macht mir große Freude.	The present gives me great pleasure.
a12_l12_laune	Heute hat der Chef gute Laune.	The boss is in a good mood today.
a12_l13_kleidung	Für den Winter brauche ich warme Kleidung.	I need warm clothing for the winter.
a12_l13_jacke	Nimm eine Jacke mit, es wird kalt.	Take a jacket, it's getting cold.
a12_l13_mantel	Der Mantel hängt an der Garderobe.	The coat is hanging in the cloakroom.
a12_l13_bluse	Die weiße Bluse passt gut zum Rock.	The white blouse goes well with the skirt.
a12_l13_hemd	Für das Interview zieht er ein Hemd an.	He puts on a shirt for the interview.
a12_l13_t_shirt	Im Sommer trage ich nur ein T-Shirt.	In the summer I only wear a T-shirt.
a12_l13_pullover	Der Pullover ist aus Wolle.	The jumper is made of wool.
a12_l13_hose	Die Hose ist zu lang.	The trousers are too long.
a12_l13_jeans	Am Wochenende trage ich gern Jeans.	At the weekend I like wearing jeans.
a12_l13_rock	Sie trägt einen kurzen Rock.	She is wearing a short skirt.
a12_l13_kleid	Für die Hochzeit kauft sie ein neues Kleid.	She is buying a new dress for the wedding.
a12_l13_anzug	Im Büro trägt er immer einen Anzug.	He always wears a suit in the office.
a12_l13_uniform	Der Polizist trägt eine Uniform.	The police officer wears a uniform.
a12_l13_socke	Wo ist meine zweite Socke?	Where is my other sock?
a12_l13_strumpf	Im Winter trägt sie dicke Strümpfe.	In winter she wears thick stockings.
a12_l13_schuh	Diese Schuhe sind sehr bequem.	These shoes are very comfortable.
a12_l13_stiefel	Bei Schnee ziehe ich Stiefel an.	When it snows I put on boots.
a12_l13_guertel	Die Hose ist zu groß, ich brauche einen Gürtel.	The trousers are too big, I need a belt.
a12_l13_tuch	Wisch den Tisch bitte mit dem Tuch ab.	Please wipe the table with the cloth.
a12_l13_brille	Ohne Brille kann ich nicht lesen.	I can't read without glasses.
a12_l13_schirm	Es regnet, nimm einen Schirm mit!	It's raining, take an umbrella!
a12_l13_jogging	Jogging im Park macht mir Spaß.	I enjoy jogging in the park.
a12_l13_koffer	Mein Koffer ist schon gepackt.	My suitcase is already packed.
a12_l13_groesse	Haben Sie die Hose auch in Größe 40?	Do you have the trousers in size 40 too?
a12_l13_landschaft	Die Landschaft in den Alpen ist wunderschön.	The scenery in the Alps is beautiful.
a12_l13_dorf	Meine Großeltern wohnen in einem kleinen Dorf.	My grandparents live in a small village.
a12_l13_strand	Wir liegen den ganzen Tag am Strand.	We lie on the beach all day.
a12_l13_meer	Das Meer ist heute ganz ruhig.	The sea is very calm today.
a12_l13_hafen	Im Hafen liegen viele Schiffe.	There are many ships in the harbour.
a12_l13_bratwurst	Am Stand kaufen wir eine Bratwurst mit Senf.	At the stall we buy a fried sausage with mustard.
a12_l13_erdgeschoss	Die Bäckerei ist im Erdgeschoss.	The bakery is on the ground floor.
a12_l13_obergeschoss	Die Kinderkleidung finden Sie im ersten Obergeschoss.	You'll find children's clothing on the first upper floor.
a12_l13_untergeschoss	Im Untergeschoss gibt es Lebensmittel.	There is food in the basement.
a12_l13_eingang	Wir warten am Eingang auf dich.	We'll wait for you at the entrance.
a12_l13_ausgang	Der Ausgang ist rechts.	The exit is on the right.
a12_l13_drogerie	In der Drogerie kaufe ich Shampoo.	I buy shampoo at the drugstore.
a12_l13_kosmetik	Die Kosmetik ist im Erdgeschoss neben dem Eingang.	Cosmetics are on the ground floor next to the entrance.
a12_l13_schmuck	Zum Geburtstag bekommt sie Schmuck.	She gets jewellery for her birthday.
a12_l13_zeitschrift	Im Zug lese ich eine Zeitschrift.	I read a magazine on the train.
a12_l13_geschirr	Nach dem Essen spülen wir das Geschirr.	After the meal we wash the dishes.
a12_l13_ware	Die Ware kommt am Montag.	The goods arrive on Monday.
a12_l13_spiel	Wir spielen heute Abend ein Spiel.	We are playing a game this evening.
a12_l13_seife	Wasch dir die Hände mit Seife!	Wash your hands with soap!
a12_l13_zahnbuerste	Ich brauche eine neue Zahnbürste.	I need a new toothbrush.
a12_l13_zahnpasta	Die Zahnpasta ist fast leer.	The toothpaste is almost empty.
a12_l13_witz	Mein Vater erzählt gern Witze.	My father likes telling jokes.
a12_l13_wochentag	An jedem Wochentag stehe ich um sechs auf.	I get up at six every weekday.
a12_l13_steward	Der Steward bringt uns etwas zu trinken.	The flight attendant brings us something to drink.
a12_l13_stewardess	Die Stewardess erklärt die Notausgänge.	The flight attendant explains the emergency exits.
a12_l14_fest	Im Dorf gibt es ein großes Fest.	There is a big festival in the village.
a12_l14_feier	Nach der Prüfung machen wir eine kleine Feier.	After the exam we are having a little party.
a12_l14_geburtstag	Herzlichen Glückwunsch zum Geburtstag!	Happy birthday!
a12_l14_karneval	Im Karneval tragen viele Leute Kostüme.	At carnival many people wear costumes.
a12_l14_weihnachten	An Weihnachten besuchen wir meine Eltern.	At Christmas we visit my parents.
a12_l14_ostern	An Ostern suchen die Kinder Eier.	At Easter the children look for eggs.
a12_l14_silvester	An Silvester feiern wir bis Mitternacht.	On New Year's Eve we celebrate until midnight.
a12_l14_neujahr	An Neujahr schlafen alle lange.	On New Year's Day everyone sleeps late.
a12_l14_hochzeit	Die Hochzeit ist im Juni.	The wedding is in June.
a12_l14_abschied	Der Abschied am Bahnhof war traurig.	The goodbye at the station was sad.
a12_l14_veranstaltung	Die Veranstaltung beginnt um 19 Uhr.	The event starts at 7 pm.
a12_l14_einladung	Danke für die Einladung!	Thanks for the invitation!
a12_l14_geschenk	Das Geschenk ist für dich.	The present is for you.
a12_l14_karte	Wir schreiben Oma eine Karte zum Geburtstag.	We are writing Grandma a birthday card.
a12_l14_glueckwunsch	Herzlichen Glückwunsch zur Hochzeit!	Congratulations on your wedding!
a12_l14_glueck	Viel Glück bei der Prüfung!	Good luck with the exam!
a12_l14_jahreszeit	Der Herbst ist meine Lieblingsjahreszeit.	Autumn is my favourite season.
a12_l14_saison	Im Winter ist in den Bergen Saison.	Winter is the season in the mountains.
a12_l14_nachbar	Unser Nachbar gießt im Urlaub die Blumen.	Our neighbour waters the flowers when we're on holiday.
a12_l14_grill	Am Wochenende machen wir den Grill an.	At the weekend we fire up the barbecue.
a12_l14_unterschrift	Hier fehlt noch Ihre Unterschrift.	Your signature is still missing here.
a12_l14_umfrage	Bei der Umfrage machen 500 Leute mit.	500 people take part in the survey.
a12_l14_laptop	Mein Laptop ist zu langsam.	My laptop is too slow.
a12_l14_nachtisch	Als Nachtisch gibt es Eis.	There is ice cream for dessert.
a12_l14_braten	Am Sonntag macht Oma einen Braten.	On Sunday Grandma makes a roast.
a12_l14_kerze	Auf dem Kuchen brennen zehn Kerzen.	Ten candles are burning on the cake.
a12_l14_blume	Ich bringe meiner Mutter Blumen mit.	I'm bringing my mother flowers.
a12_l14_ende	Am Ende des Films weinen alle.	At the end of the film everyone cries.
a12_l14_bart	Mein Opa hat einen langen weißen Bart.	My grandpa has a long white beard.
a12_l14_sack	Der Nikolaus trägt einen großen Sack.	St Nicholas carries a big sack.
a21_l1_umzug	Für den Umzug brauchen wir viele Kartons.	We need lots of boxes for the move.
a21_l1_mieter	Der Mieter zahlt jeden Monat pünktlich.	The tenant pays on time every month.
a21_l1_mieterin	Die neue Mieterin wohnt im dritten Stock.	The new tenant lives on the third floor.
a21_l1_wohngemeinschaft	In unserer Wohngemeinschaft wohnen vier Studenten.	Four students live in our shared flat.
a21_l1_wecker	Mein Wecker klingelt um halb sieben.	My alarm clock rings at half past six.
a21_l1_arbeitgeber	Mein Arbeitgeber bezahlt den Deutschkurs.	My employer pays for the German course.
a21_l1_arbeitgeberin	Die Arbeitgeberin lädt alle zum Essen ein.	The employer invites everyone to dinner.
a21_l1_arbeitstag	Mein Arbeitstag beginnt um acht Uhr.	My working day starts at eight o'clock.
a21_l1_software	Die neue Software ist sehr praktisch.	The new software is very practical.
a21_l1_anfang	Am Anfang war alles neu für mich.	At the beginning everything was new for me.
a21_l1_verwandte	Ein Verwandter von mir lebt in Kanada.	A relative of mine lives in Canada.
a21_l1_verwandte_2	Meine Verwandte aus Italien besucht uns.	My relative from Italy is visiting us.
a21_l1_onkel	Mein Onkel hat einen großen Hund.	My uncle has a big dog.
a21_l1_tante	Meine Tante backt den besten Kuchen.	My aunt bakes the best cake.
a21_l1_cousin	Mein Cousin ist so alt wie ich.	My cousin is as old as me.
a21_l1_cousine	Meine Cousine studiert in Leipzig.	My cousin studies in Leipzig.
a21_l1_neffe	Mein Neffe kommt nächstes Jahr in die Schule.	My nephew starts school next year.
a21_l1_nichte	Meine Nichte hat am Freitag Geburtstag.	My niece has her birthday on Friday.
a21_l1_mitglied	Er ist Mitglied in einem Sportverein.	He is a member of a sports club.
a21_l1_schwiegervater	Mein Schwiegervater repariert gern alte Autos.	My father-in-law likes repairing old cars.
a21_l1_schwiegermutter	Meine Schwiegermutter wohnt bei uns im Haus.	My mother-in-law lives in our house.
a21_l1_rente	Mit 67 geht er in Rente.	He retires at 67.
a21_l1_gefuehl	Ich habe ein gutes Gefühl.	I have a good feeling.
a21_l1_panne	Auf der Fahrt hatten wir eine Panne.	We had a breakdown on the journey.
a21_l1_alltag	Im Alltag spreche ich viel Deutsch.	I speak a lot of German in everyday life.
a21_l1_geldboerse	Ich habe meine Geldbörse verloren.	I have lost my wallet.
a21_l1_pech	So ein Pech, der Bus ist weg!	What bad luck, the bus has gone!
a21_l1_mal	Das war das erste Mal in Berlin.	That was my first time in Berlin.
a21_l1_ehemann	Mein Ehemann und ich sind seit zehn Jahren verheiratet.	My husband and I have been married for ten years.
a21_l1_schwager	Mein Schwager hilft uns beim Umzug.	My brother-in-law is helping us with the move.
a21_l1_schwaegerin	Meine Schwägerin hat zwei Kinder.	My sister-in-law has two children.
a21_l2_energie	Wir sparen Energie und machen das Licht aus.	We save energy and turn off the light.
a21_l2_decke	Die Lampe hängt an der Decke.	The lamp hangs from the ceiling.
a21_l2_kugelschreiber	Kann ich deinen Kugelschreiber kurz haben?	Can I borrow your pen for a moment?
a21_l2_schloss	Das Schloss an der Tür ist kaputt.	The lock on the door is broken.
a21_l2_wand	Wir hängen das Bild an die Wand.	We hang the picture on the wall.
a21_l2_ruhe	Ab 22 Uhr ist im Haus Ruhe.	From 10 pm there is quiet in the building.
a21_l2_schild	Auf dem Schild steht „Rauchen verboten“.	The sign says "No smoking".
a21_l2_pflanze	Die Pflanze braucht viel Wasser.	The plant needs a lot of water.
a21_l2_vorsicht	Vorsicht, die Treppe ist nass!	Careful, the stairs are wet!
a21_l2_briefkasten	Im Briefkasten liegt ein Brief für dich.	There's a letter for you in the letterbox.
a21_l2_dank	Vielen Dank für die Blumen!	Many thanks for the flowers!
a21_l2_menge	Wir haben eine Menge Arbeit.	We have a lot of work.
a21_l2_kassette	Meine Eltern hören noch alte Kassetten.	My parents still listen to old cassettes.
a21_l2_katze	Die Katze schläft auf dem Sofa.	The cat is sleeping on the sofa.
a21_l2_paeckchen	Ich schicke dir ein Päckchen mit Schokolade.	I'm sending you a small parcel with chocolate.
a21_l2_paket	Der Nachbar hat mein Paket angenommen.	The neighbour took in my parcel.
a21_l2_schicht	Diese Woche arbeitet sie in der Nachtschicht.	This week she is working the night shift.
a21_l2_handwerker	Der Handwerker kommt morgen und repariert das Fenster.	The tradesman is coming tomorrow to repair the window.
a21_l2_handwerkerin	Die Handwerkerin streicht die Wände.	The tradeswoman is painting the walls.
a21_l2_bewohner	Alle Bewohner treffen sich im Hof.	All the residents meet in the courtyard.
a21_l2_bewohnerin	Eine Bewohnerin beschwert sich über den Lärm.	A resident complains about the noise.
a21_l2_muell	Bringst du bitte den Müll raus?	Can you take the rubbish out, please?
a21_l2_plastik	Plastik kommt in den gelben Sack.	Plastic goes in the yellow bag.
a21_l2_experiment	Im Unterricht machen wir ein Experiment.	We are doing an experiment in class.
a21_l2_leitung	Das Wasser aus der Leitung kann man trinken.	You can drink the tap water.
a21_l2_loesung	Für das Problem gibt es eine einfache Lösung.	There is a simple solution to the problem.
a21_l2_umwelt	Wir fahren Fahrrad, das ist gut für die Umwelt.	We ride bikes, that's good for the environment.
a21_l2_tonne	Die Mülltonne wird am Dienstag geleert.	The bin is emptied on Tuesday.
a21_l2_waschmittel	Das Waschmittel steht neben der Waschmaschine.	The detergent is next to the washing machine.
a21_l2_zettel	Ich schreibe die Nummer auf einen Zettel.	I'm writing the number on a slip of paper.
a21_l2_spielzeug	Die Kinder räumen ihr Spielzeug auf.	The children tidy up their toys.
a21_l2_kostuem	Für den Karneval näht sie ein Kostüm.	She is sewing a costume for carnival.
a21_l2_notiz	Ich mache mir eine Notiz im Kalender.	I'm making a note in my calendar.
a21_l2_papiermuell	Zeitungen gehören in den Papiermüll.	Newspapers belong in the paper waste.
a21_l2_biomuell	Kaffeefilter und Obstreste kommen in den Biomüll.	Coffee filters and fruit scraps go in the organic waste.
a21_l2_abfall	Bitte werfen Sie keinen Abfall auf den Boden.	Please don't throw rubbish on the floor.
a21_l2_moderator	Der Moderator stellt die Gäste vor.	The presenter introduces the guests.
a21_l2_moderatorin	Die Moderatorin der Sendung ist sehr lustig.	The host of the show is very funny.
a21_l2_aktion	Die Schule macht eine Aktion für saubere Parks.	The school is running a campaign for clean parks.
a21_l2_deutsche	Ein Deutscher trinkt im Jahr viel Kaffee.	A German drinks a lot of coffee in a year.
a21_l2_deutsche_2	Sie ist Deutsche, aber sie lebt in Spanien.	She is German, but she lives in Spain.
a21_l3_nachspeise	Als Nachspeise nehme ich den Apfelstrudel.	For dessert I'll have the apple strudel.
a21_l3_honig	Ich trinke Tee mit Honig.	I drink tea with honey.
a21_l3_mahlzeit	Das Frühstück ist meine wichtigste Mahlzeit.	Breakfast is my most important meal.
a21_l3_kantine	Mittags essen wir in der Kantine.	At lunchtime we eat in the canteen.
a21_l3_gewohnheit	Kaffee am Morgen ist eine alte Gewohnheit.	Coffee in the morning is an old habit.
a21_l3_marmelade	Die Marmelade macht meine Oma selbst.	My grandma makes the jam herself.
a21_l3_schwein	Auf dem Bauernhof gibt es drei Schweine.	There are three pigs on the farm.
a21_l3_alkohol	Er trinkt keinen Alkohol.	He doesn't drink alcohol.
a21_l3_diaet	Nach Weihnachten mache ich eine Diät.	After Christmas I'm going on a diet.
a21_l3_art	Welche Art von Musik hörst du gern?	What kind of music do you like?
a21_l3_frucht	Die Mango ist eine tropische Frucht.	The mango is a tropical fruit.
a21_l3_vorspeise	Als Vorspeise gibt es eine Tomatensuppe.	There is tomato soup for the starter.
a21_l3_schnitzel	Ein Schnitzel mit Pommes, bitte.	A schnitzel with chips, please.
a21_l3_stueck	Möchtest du noch ein Stück Kuchen?	Would you like another piece of cake?
a21_l3_zitrone	Ich trinke heißes Wasser mit Zitrone.	I drink hot water with lemon.
a21_l3_rind	Das Gulasch ist aus Rind.	The goulash is made with beef.
a21_l3_appetit	Guten Appetit!	Enjoy your meal!
a21_l3_loeffel	Für die Suppe brauchst du einen Löffel.	You need a spoon for the soup.
a21_l3_messer	Das Messer ist sehr scharf.	The knife is very sharp.
a21_l3_teller	Stell die Teller bitte auf den Tisch.	Please put the plates on the table.
a21_l3_gabel	Die Gabel liegt links neben dem Teller.	The fork goes to the left of the plate.
a21_l3_tasse	Ich trinke eine Tasse Tee.	I'm drinking a cup of tea.
a21_l3_topf	Die Kartoffeln kochen im Topf.	The potatoes are boiling in the pot.
a21_l3_kanne	Ich mache eine Kanne Kaffee für alle.	I'm making a pot of coffee for everyone.
a21_l3_schuessel	Den Salat mische ich in einer großen Schüssel.	I mix the salad in a big bowl.
a21_l3_pfanne	Sie brät die Eier in der Pfanne.	She fries the eggs in the pan.
a21_l3_spuelmaschine	Die Spülmaschine ist voll.	The dishwasher is full.
a21_l3_trinkgeld	Wir geben der Kellnerin fünf Euro Trinkgeld.	We give the waitress a five-euro tip.
a21_l3_boden	Das Glas ist auf den Boden gefallen.	The glass fell on the floor.
a21_l3_prozent	Heute gibt es 20 Prozent Rabatt.	There is a 20 percent discount today.
a21_l3_markt	Am Samstag kaufen wir Gemüse auf dem Markt.	On Saturday we buy vegetables at the market.
a21_l3_produkt	Die Firma verkauft ihre Produkte im Internet.	The company sells its products online.
a21_l3_umgebung	In der Umgebung gibt es schöne Wanderwege.	There are lovely hiking trails in the surrounding area.
a21_l3_fabrik	Mein Vater arbeitet in einer Fabrik.	My father works in a factory.
a21_l3_quartett	Die Kinder spielen Quartett mit Autokarten.	The children are playing a card game with car cards.
a21_l4_reservierung	Ich habe eine Reservierung auf den Namen Weber.	I have a reservation in the name of Weber.
a21_l4_bestaetigung	Die Bestätigung bekommen Sie per E-Mail.	You will receive the confirmation by email.
a21_l4_besprechung	Die Besprechung dauert bis elf Uhr.	The meeting lasts until eleven o'clock.
a21_l4_notfall	Im Notfall rufen Sie die 112 an.	In an emergency call 112.
a21_l4_test	Morgen schreiben wir einen Test.	Tomorrow we are writing a test.
a21_l4_mehrwertsteuer	Im Preis ist die Mehrwertsteuer schon enthalten.	VAT is already included in the price.
a21_l4_quittung	Kann ich bitte eine Quittung haben?	Can I have a receipt, please?
a21_l4_material	Das Material für den Kurs liegt im Regal.	The material for the course is on the shelf.
a21_l4_empfang	Melden Sie sich bitte am Empfang.	Please report to reception.
a21_l4_kopierer	Der Kopierer im zweiten Stock ist kaputt.	The photocopier on the second floor is broken.
a21_l4_sekretaer	Der Sekretär macht die Termine für den Chef.	The secretary makes the appointments for the boss.
a21_l4_sekretaerin	Die Sekretärin verbindet Sie mit Frau Klein.	The secretary puts you through to Ms Klein.
a21_l4_teilnehmer	Jeder Teilnehmer bekommt ein Zertifikat.	Every participant gets a certificate.
a21_l4_teilnehmerin	Eine Teilnehmerin kommt aus Brasilien.	One participant comes from Brazil.
a21_l4_feierabend	Um fünf Uhr habe ich Feierabend.	I finish work at five o'clock.
a21_l4_export	Der Export von Autos ist für Deutschland wichtig.	The export of cars is important for Germany.
a21_l4_import	Der Import von Kaffee kommt aus Südamerika.	The coffee imports come from South America.
a21_l4_wahl	Du hast die Wahl: Tee oder Kaffee?	You have the choice: tea or coffee?
a21_l4_entscheidung	Die Entscheidung war nicht leicht.	The decision was not easy.
a21_l4_interesse	Sie hat großes Interesse an Kunst.	She has a great interest in art.
a21_l4_plattform	Auf der Plattform kann man Wohnungen suchen.	You can search for flats on the platform.
a21_l4_forum	Im Forum stellen viele Leute Fragen.	Lots of people ask questions in the forum.
a21_l4_meinung	Was ist deine Meinung dazu?	What is your opinion on that?
a21_l4_betrieb	Der Betrieb hat 50 Angestellte.	The company has 50 employees.
a21_l4_massnahme	Die Stadt plant neue Maßnahmen gegen den Verkehr.	The city is planning new measures against the traffic.
a21_l4_konto	Das Gehalt kommt jeden Monat auf mein Konto.	My salary goes into my account every month.
a21_l4_arbeitnehmer	Jeder Arbeitnehmer hat Recht auf Urlaub.	Every employee has a right to holiday.
a21_l4_arbeitnehmerin	Als Arbeitnehmerin hat sie 30 Tage Urlaub.	As an employee she has 30 days' holiday.
a21_l4_angestellte	Der Angestellte arbeitet seit 20 Jahren bei der Bank.	The employee has worked at the bank for 20 years.
a21_l4_angestellte_2	Die Angestellte im Rathaus ist sehr hilfsbereit.	The clerk at the town hall is very helpful.
a21_l4_teilzeit	Seit der Geburt arbeitet sie in Teilzeit.	Since the birth she has been working part-time.
a21_l4_weiterbildung	Die Firma bezahlt eine Weiterbildung am Computer.	The company pays for computer training.
a21_l4_lohn	Der Lohn kommt am Ende des Monats.	The wages come at the end of the month.
a21_l4_betreuung	Die Betreuung der Kinder ist am Nachmittag.	The childcare is in the afternoon.
a21_l4_ahnung	Ich habe keine Ahnung, wo er ist.	I have no idea where he is.
a21_l4_nationalfeiertag	Am Nationalfeiertag sind alle Geschäfte zu.	On the national holiday all the shops are closed.
a21_l4_uberstunde	Diese Woche habe ich fünf Überstunden gemacht.	I did five hours of overtime this week.
a21_l4_regel	Kennst du die Regeln von dem Spiel?	Do you know the rules of the game?
a21_l4_industrie	Die Industrie braucht viele Fachkräfte.	Industry needs many skilled workers.
a21_l4_vertrag	Bitte lesen Sie den Vertrag genau.	Please read the contract carefully.
a21_l4_durchschnitt	Im Durchschnitt schlafen wir sieben Stunden.	On average we sleep seven hours.
a21_l5_video	Er sieht sich ein Video über Spanien an.	He is watching a video about Spain.
a21_l5_verein	Mein Sohn spielt im Verein Fußball.	My son plays football at a club.
a21_l5_versuch	Beim zweiten Versuch hat es geklappt.	It worked on the second attempt.
a21_l5_meister	Unsere Mannschaft ist deutscher Meister.	Our team is the German champion.
a21_l5_sportart	Schwimmen ist meine Lieblingssportart.	Swimming is my favourite sport.
a21_l5_bewegung	Viel Bewegung ist gesund.	A lot of exercise is healthy.
a21_l5_gymnastik	Jeden Morgen macht Opa zehn Minuten Gymnastik.	Grandpa does ten minutes of exercises every morning.
a21_l5_tischtennis	Im Keller spielen wir Tischtennis.	We play table tennis in the basement.
a21_l5_volleyball	Am Strand spielen wir Volleyball.	We play volleyball on the beach.
a21_l5_fitness	Für seine Fitness geht er jeden Tag joggen.	For his fitness he goes jogging every day.
a21_l5_halle	Im Winter trainieren wir in der Halle.	In winter we train in the sports hall.
a21_l5_mannschaft	Die Mannschaft hat das Spiel gewonnen.	The team won the match.
a21_l5_trend	Yoga ist ein großer Trend.	Yoga is a big trend.
a21_l5_spielplatz	Die Kinder spielen auf dem Spielplatz.	The children are playing in the playground.
a21_l5_strecke	Die Strecke ist zehn Kilometer lang.	The route is ten kilometres long.
a21_l5_treppe	Ich nehme die Treppe, nicht den Aufzug.	I take the stairs, not the lift.
a21_l5_entspannung	Zur Entspannung höre ich Musik.	I listen to music to relax.
a21_l5_ernaehrung	Eine gesunde Ernährung ist wichtig.	A healthy diet is important.
a21_l5_ursache	Die Ursache für den Unfall ist noch unklar.	The cause of the accident is still unclear.
a21_l5_krankheit	Gegen diese Krankheit gibt es eine Impfung.	There is a vaccination against this illness.
a21_l5_krankenkasse	Die Krankenkasse bezahlt den Arzt.	The health insurance pays for the doctor.
a21_l5_koerper	Sport ist gut für Körper und Kopf.	Sport is good for body and mind.
a21_l5_luft	Am Meer ist die Luft frisch.	The air is fresh by the sea.
a21_l5_untersuchung	Vor der Operation gibt es eine Untersuchung.	There is an examination before the operation.
a21_l5_bildschirm	Ich sitze den ganzen Tag vor dem Bildschirm.	I sit in front of the screen all day.
a21_l5_lust	Hast du Lust auf ein Eis?	Do you fancy an ice cream?
a21_l5_angst	Meine Tochter hat Angst vor Hunden.	My daughter is afraid of dogs.
a21_l5_weltmeisterschaft	Die Weltmeisterschaft sehen wir zusammen im Fernsehen.	We watch the World Cup together on TV.
a21_l5_wettervorhersage	Laut Wettervorhersage regnet es morgen.	According to the weather forecast it will rain tomorrow.
a21_l5_besuch	Am Wochenende bekommen wir Besuch.	We are having visitors at the weekend.
a21_l5_beitrag	Der Beitrag für den Verein ist 10 Euro im Monat.	The club fee is 10 euros a month.
a21_l5_broschuere	In der Broschüre stehen alle Kurse.	All the courses are listed in the brochure.
a21_l5_ehepartner	Ihr Ehepartner darf auch mitkommen.	Your spouse can come too.
a21_l5_ehepartnerin	Er geht mit seiner Ehepartnerin tanzen.	He goes dancing with his wife.
a21_l5_angehoerige	Nur ein Angehöriger darf den Patienten besuchen.	Only one family member may visit the patient.
a21_l5_angehoerige_2	Als Angehörige bekommt sie alle Informationen.	As a family member she gets all the information.
a21_l5_azubi	Unser Azubi lernt sehr schnell.	Our apprentice learns very quickly.
a21_l5_apparat	Herr Kraus, bleiben Sie bitte am Apparat.	Mr Kraus, please stay on the line.
a21_l6_fach	Welches Fach hast du in der ersten Stunde?	Which subject do you have in the first lesson?
a21_l6_note	In Mathe habe ich eine gute Note bekommen.	I got a good mark in maths.
a21_l6_gymnasium	Nach der Grundschule geht sie aufs Gymnasium.	After primary school she goes to grammar school.
a21_l6_referat	Morgen halte ich ein Referat über Wien.	Tomorrow I'm giving a presentation about Vienna.
a21_l6_abitur	Nach dem Abitur möchte er studieren.	After his school-leaving exams he wants to go to university.
a21_l6_klasse	In meiner Klasse sind 25 Kinder.	There are 25 children in my class.
a21_l6_abschluss	Ohne Abschluss ist es schwer, eine Stelle zu finden.	Without a qualification it is hard to find a job.
a21_l6_pruefung	Ich habe die Prüfung bestanden!	I passed the exam!
a21_l6_leistung	Der Lehrer lobt ihre Leistung.	The teacher praises her performance.
a21_l6_system	Das Schulsystem in Deutschland ist kompliziert.	The school system in Germany is complicated.
a21_l6_hochschule	Er studiert Technik an einer Fachhochschule.	He studies engineering at a university of applied sciences.
a21_l6_gesamtschule	An der Gesamtschule lernen alle Kinder zusammen.	At the comprehensive school all the children learn together.
a21_l6_realschule	Nach der Realschule macht er eine Ausbildung.	After secondary school he does an apprenticeship.
a21_l6_hauptschule	Die Hauptschule dauert bis zur neunten Klasse.	Lower secondary school goes up to year nine.
a21_l6_mittelschule	In Bayern heißt die Hauptschule jetzt Mittelschule.	In Bavaria the lower secondary school is now called middle school.
a21_l6_berufsschule	Zweimal pro Woche geht sie in die Berufsschule.	She goes to vocational school twice a week.
a21_l6_krippe	Unser Baby geht ab Januar in die Krippe.	Our baby starts nursery in January.
a21_l6_grundschule	Die Grundschule ist nur fünf Minuten von hier.	The primary school is only five minutes from here.
a21_l6_physik	In Physik lernen wir etwas über Strom.	In physics we learn about electricity.
a21_l6_biologie	In Biologie sprechen wir über Pflanzen.	In biology we talk about plants.
a21_l6_chemie	Chemie war nie mein Lieblingsfach.	Chemistry was never my favourite subject.
a21_l6_geografie	In Geografie lernen wir die Hauptstädte.	In geography we learn the capitals.
a21_l6_kunst	Im Fach Kunst malen wir ein Bild.	In art we paint a picture.
a21_l6_sozialkunde	In Sozialkunde diskutieren wir über Politik.	In social studies we discuss politics.
a21_l6_mathematik	Er studiert Mathematik in Bonn.	He studies maths in Bonn.
a21_l6_karriere	Sie macht Karriere bei einer großen Firma.	She is building a career at a big company.
a21_l6_friseur	Ich gehe heute Nachmittag zum Friseur.	I'm going to the hairdresser's this afternoon.
a21_l6_friseurin	Die Friseurin schneidet mir die Haare.	The hairdresser cuts my hair.
a21_l6_schauspieler	Der Schauspieler spielt im neuen Film den Vater.	The actor plays the father in the new film.
a21_l6_schauspielerin	Die Schauspielerin bekommt einen Preis.	The actress receives an award.
a21_l6_mechatroniker	Der Mechatroniker prüft die Elektronik im Auto.	The mechatronics technician checks the electronics in the car.
a21_l6_mechatronikerin	Als Mechatronikerin arbeitet sie mit Robotern.	As a mechatronics technician she works with robots.
a21_l6_experte	Ein Experte erklärt das Problem im Fernsehen.	An expert explains the problem on TV.
a21_l6_expertin	Sie ist Expertin für Computer.	She is a computer expert.
a21_l6_astronaut	Der Astronaut fliegt ins All.	The astronaut flies into space.
a21_l6_astronautin	Als Kind wollte sie Astronautin werden.	As a child she wanted to be an astronaut.
a21_l6_vortrag	Der Vortrag über Gesundheit war sehr interessant.	The talk about health was very interesting.
a21_l6_voraussetzung	Gute Deutschkenntnisse sind eine Voraussetzung für die Stelle.	Good German is a requirement for the job.
a21_l6_erfolg	Viel Erfolg bei der neuen Arbeit!	Lots of success in your new job!
a21_l6_kuendigung	Er hat die Kündigung bekommen.	He was given notice.
a21_l6_einfuehrung	Am ersten Tag gibt es eine Einführung.	There is an introduction on the first day.
a21_l6_theorie	Die Theorie ist leicht, die Praxis ist schwer.	The theory is easy, the practice is hard.
a21_l6_zukunft	In Zukunft möchte ich mehr reisen.	In future I would like to travel more.
a21_l6_rest	Den Rest essen wir morgen.	We'll eat the rest tomorrow.
a21_l6_jugendliche	Ein Jugendlicher hilft im Altenheim.	A young man helps at the old people's home.
a21_l6_jugendliche_2	Die Jugendliche macht ein Praktikum im Kindergarten.	The young woman is doing an internship at a kindergarten.
a21_l6_junge	Der Junge fährt mit dem Fahrrad zur Schule.	The boy rides his bike to school.
a21_l6_verhalten	Sein Verhalten im Unterricht ist nicht gut.	His behaviour in class is not good.
a21_l6_streit	Die Geschwister haben schon wieder Streit.	The siblings are arguing again.
a21_l6_arger	Ich will keinen Ärger mit dem Nachbarn.	I don't want any trouble with the neighbour.
a21_l6_klima	Das Klima im Team ist sehr gut.	The atmosphere in the team is very good.
a21_l6_situation	Die Situation ist schwierig, aber wir schaffen das.	The situation is difficult, but we'll manage.
a21_l6_aktivitaet	Das Hotel bietet viele Aktivitäten für Kinder.	The hotel offers lots of activities for children.
a21_l6_gesellschaft	Alte Menschen sind wichtig für die Gesellschaft.	Old people are important for society.
a21_l6_beginn	Kommen Sie bitte zehn Minuten vor Beginn.	Please come ten minutes before the start.
a21_l6_stimme	Die Sängerin hat eine schöne Stimme.	The singer has a beautiful voice.
a21_l6_auftritt	Der Auftritt der Band beginnt um neun.	The band's performance starts at nine.
a21_l6_festplatte	Ich speichere die Fotos auf der Festplatte.	I save the photos on the hard drive.
a21_l6_politik	Mein Vater interessiert sich sehr für Politik.	My father is very interested in politics.
a21_l6_kultur	Ich möchte die Kultur in Japan kennenlernen.	I would like to get to know the culture in Japan.
a21_l6_technik	Die Technik in neuen Autos ist kompliziert.	The technology in new cars is complicated.
a21_l6_verkehr	Am Morgen ist in der Stadt viel Verkehr.	There is a lot of traffic in town in the morning.
a21_l6_notarzt	Der Notarzt kommt in wenigen Minuten.	The emergency doctor will be here in a few minutes.
a21_l6_klinik	Nach der Operation bleibt er drei Tage in der Klinik.	After the operation he stays in the clinic for three days.
a21_l6_heimat	Sie vermisst ihre Heimat sehr.	She misses her homeland very much.
a21_l6_tier	Mein Lieblingstier ist der Hund.	My favourite animal is the dog.
a21_l7_baby	Das Baby schläft endlich.	The baby is finally asleep.
a21_l7_kette	Zum Jahrestag schenkt er ihr eine Kette.	He gives her a necklace for their anniversary.
a21_l7_puppe	Meine Tochter spielt gern mit der Puppe.	My daughter likes playing with her doll.
a21_l7_motorrad	Mit dem Motorrad fährt er in die Berge.	He rides his motorbike to the mountains.
a21_l7_geldbeutel	In meinem Geldbeutel sind nur noch zwei Euro.	There are only two euros left in my wallet.
a21_l7_creme	Im Winter brauche ich eine Creme für die Hände.	In winter I need a hand cream.
a21_l7_parfuem	Dieses Parfüm riecht nach Rosen.	This perfume smells of roses.
a21_l7_praline	Als Dankeschön bringe ich eine Schachtel Pralinen mit.	As a thank you I'm bringing a box of chocolates.
a21_l7_pflaume	Im September gibt es Kuchen mit Pflaumen.	In September there is plum cake.
a21_l7_herz	Mein Herz schlägt ganz schnell.	My heart is beating very fast.
a21_l7_tod	Nach dem Tod ihres Mannes lebt sie allein.	After her husband's death she lives alone.
a21_l7_schachtel	In der Schachtel sind alte Fotos.	There are old photos in the box.
a21_l7_briefmarke	Für eine Postkarte brauchst du eine Briefmarke.	You need a stamp for a postcard.
a21_l7_kirche	Am Sonntag gehen meine Großeltern in die Kirche.	On Sundays my grandparents go to church.
a21_l7_trauung	Die Trauung ist um elf Uhr im Rathaus.	The wedding ceremony is at eleven o'clock at the town hall.
a21_l7_stimmung	Auf der Party war die Stimmung super.	The atmosphere at the party was great.
a21_l7_torte	Zum Geburtstag gibt es eine Schokoladentorte.	There's a chocolate gateau for the birthday.
a21_l7_sms	Schick mir eine SMS, wenn du da bist.	Send me a text when you get there.
a21_l7_unterhaltung	Wir hatten eine nette Unterhaltung im Zug.	We had a nice conversation on the train.
a22_l8_disco	Am Freitag gehen wir in die Disco.	On Friday we are going to the disco.
a22_l8_diskothek	Die Diskothek öffnet erst um 22 Uhr.	The club only opens at 10 pm.
a22_l8_radtour	Am Wochenende machen wir eine Radtour am Rhein.	At the weekend we are doing a bike tour along the Rhine.
a22_l8_flohmarkt	Auf dem Flohmarkt habe ich eine alte Lampe gekauft.	I bought an old lamp at the flea market.
a22_l8_rundfahrt	Die Rundfahrt mit dem Bus dauert eine Stunde.	The sightseeing tour by bus takes an hour.
a22_l8_vorschlag	Hast du einen Vorschlag für heute Abend?	Do you have a suggestion for this evening?
a22_l8_treffpunkt	Unser Treffpunkt ist vor dem Kino.	Our meeting point is in front of the cinema.
a22_l8_rathaus	Das Rathaus steht am Marktplatz.	The town hall is on the market square.
a22_l8_teilnahme	Die Teilnahme am Kurs ist kostenlos.	Attendance on the course is free.
a22_l8_jazz	Mein Vater hört am liebsten Jazz.	My father likes jazz best.
a22_l8_bahn	Ich fahre mit der Bahn nach Hamburg.	I'm going to Hamburg by train.
a22_l8_volkshochschule	An der Volkshochschule mache ich einen Kochkurs.	I'm doing a cookery course at the adult education centre.
a22_l8_fotografie	Sie interessiert sich für Fotografie.	She is interested in photography.
a22_l8_kuenstler	Der Künstler zeigt seine Bilder in einer Galerie.	The artist is showing his pictures in a gallery.
a22_l8_kuenstlerin	Die Künstlerin malt am liebsten Landschaften.	The artist likes painting landscapes best.
a22_l8_cd	Die neue CD von der Band ist toll.	The band's new CD is great.
a22_l8_sender	Welchen Sender hörst du im Auto?	Which station do you listen to in the car?
a22_l8_eintrittskarte	Die Eintrittskarte kostet 12 Euro.	The entrance ticket costs 12 euros.
a22_l8_sprachenschule	Er lernt Deutsch an einer Sprachenschule in Köln.	He is learning German at a language school in Cologne.
a22_l8_anleitung	Lies zuerst die Anleitung!	Read the instructions first!
a22_l8_hammer	Gib mir bitte den Hammer.	Please pass me the hammer.
a22_l8_werkzeug	Das Werkzeug liegt im Keller.	The tools are in the basement.
a22_l8_waesche	Ich hänge die Wäsche auf den Balkon.	I'm hanging the washing out on the balcony.
a22_l8_ding	Was ist denn das für ein Ding?	What kind of thing is that?
a22_l9_bikini	Für den Urlaub kauft sie einen neuen Bikini.	She is buying a new bikini for the holiday.
a22_l9_brieftasche	Seine Brieftasche steckt in der Jacke.	His wallet is in his jacket.
a22_l9_feuerzeug	Hast du ein Feuerzeug für die Kerzen?	Do you have a lighter for the candles?
a22_l9_poster	An der Wand hängt ein Poster von seiner Lieblingsband.	There's a poster of his favourite band on the wall.
a22_l9_rucksack	In meinem Rucksack sind Wasser und Brote.	There is water and sandwiches in my backpack.
a22_l9_hut	Im Sommer trägt er einen Hut gegen die Sonne.	In the summer he wears a hat against the sun.
a22_l9_roman	Ich lese gerade einen spannenden Roman.	I'm reading an exciting novel at the moment.
a22_l9_pudding	Zum Nachtisch gibt es Pudding mit Vanille.	For dessert there is vanilla pudding.
a22_l9_besteck	Das Besteck liegt in der Schublade.	The cutlery is in the drawer.
a22_l9_metall	Der Stuhl ist aus Metall.	The chair is made of metal.
a22_l9_stoff	Der Stoff für das Kleid ist aus Seide.	The fabric for the dress is silk.
a22_l9_platte	Der Tisch hat eine Platte aus Glas.	The table has a glass top.
a22_l9_anrufbeantworter	Ich habe dir auf den Anrufbeantworter gesprochen.	I left you a message on the answering machine.
a22_l9_telefonbuch	Früher stand jede Nummer im Telefonbuch.	In the past every number was in the phone book.
a22_l9_klingel	Die Klingel funktioniert nicht, bitte klopfen.	The bell doesn't work, please knock.
a22_l9_hoehe	Der Turm hat eine Höhe von 100 Metern.	The tower has a height of 100 metres.
a22_l9_zustand	Das Auto ist in einem guten Zustand.	The car is in good condition.
a22_l9_qualitaet	Die Qualität der Schuhe ist super.	The quality of the shoes is excellent.
a22_l9_schaufenster	Im Schaufenster sehe ich eine schöne Tasche.	I see a nice bag in the shop window.
a22_l9_statistik	Laut Statistik lesen Frauen mehr als Männer.	According to statistics women read more than men.
a22_l9_versicherung	Die Versicherung bezahlt den Schaden.	The insurance pays for the damage.
a22_l9_nahrungsmittel	Nahrungsmittel sind im Supermarkt teurer geworden.	Food has become more expensive in the supermarket.
a22_l9_gas	Wir kochen mit Gas.	We cook with gas.
a22_l9_kredit	Für das Haus brauchen sie einen Kredit.	They need a loan for the house.
a22_l9_liebe	Die Liebe zur Musik hat sie von ihrem Vater.	She got her love of music from her father.
a22_l9_erinnerung	Das Foto ist eine schöne Erinnerung an den Urlaub.	The photo is a nice memory of the holiday.
a22_l9_gedanke	Der Gedanke an die Prüfung macht mich nervös.	The thought of the exam makes me nervous.
a22_l10_briefumschlag	Steck den Brief in den Briefumschlag.	Put the letter in the envelope.
a22_l10_postkarte	Aus dem Urlaub schicke ich dir eine Postkarte.	I'll send you a postcard from my holiday.
a22_l10_schere	Kannst du mir die Schere geben?	Can you give me the scissors?
a22_l10_sendung	Die Sendung kommt jeden Abend um acht.	The programme is on every evening at eight.
a22_l10_netzwerk	Ohne Netzwerk funktioniert der Drucker nicht.	The printer doesn't work without the network.
a22_l10_mobiltelefon	Bitte schalten Sie Ihr Mobiltelefon aus.	Please switch off your mobile phone.
a22_l10_mail	Ich habe deine Mail gestern bekommen.	I got your email yesterday.
a22_l10_chat	Im Chat schreiben wir über die Hausaufgaben.	In the chat we write about the homework.
a22_l10_ereignis	Die Hochzeit war ein großes Ereignis im Dorf.	The wedding was a big event in the village.
a22_l10_stoerung	Wegen einer Störung fährt die U-Bahn nicht.	The underground isn't running because of a fault.
a22_l10_reporter	Der Reporter fragt die Leute auf der Straße.	The reporter asks people on the street.
a22_l10_reporterin	Die Reporterin berichtet live aus Berlin.	The reporter is reporting live from Berlin.
a22_l10_wissen	Im Quiz kannst du dein Wissen testen.	You can test your knowledge in the quiz.
a22_l10_quiz	Im Radio gibt es jeden Morgen ein Quiz.	There's a quiz on the radio every morning.
a22_l10_eisenbahn	Opa spielt mit dem Enkel mit der Eisenbahn.	Grandpa plays with the model train with his grandson.
a22_l10_blatt	Ich brauche ein Blatt Papier.	I need a sheet of paper.
a22_l10_baer	Im Zoo sehen wir einen Bären.	At the zoo we see a bear.
a22_l10_muenze	Für den Einkaufswagen brauche ich eine Münze.	I need a coin for the shopping trolley.
a22_l10_ente	Die Kinder füttern die Enten am See.	The children feed the ducks by the lake.
a22_l10_souvenir	Aus Paris bringe ich ein Souvenir mit.	I'm bringing a souvenir back from Paris.
a22_l10_vogel	Am Morgen singt ein Vogel vor dem Fenster.	In the morning a bird sings outside the window.
a22_l10_punkt	Am Ende des Satzes steht ein Punkt.	There is a full stop at the end of the sentence.
a22_l10_elefant	Der Elefant ist das größte Tier im Zoo.	The elephant is the biggest animal in the zoo.
a22_l10_rose	Er schenkt ihr eine rote Rose.	He gives her a red rose.
a22_l10_stern	In der Nacht sieht man viele Sterne.	At night you can see many stars.
a22_l10_himmel	Der Himmel ist heute ganz blau.	The sky is completely blue today.
a22_l10_fantasie	Kinder haben viel Fantasie.	Children have a lot of imagination.
a22_l10_ernte	Im Herbst ist die Ernte von Äpfeln.	The apple harvest is in autumn.
a22_l10_konsulat	Das Visum bekomme ich beim Konsulat.	I get the visa at the consulate.
a22_l10_visum	Für die Reise nach China brauche ich ein Visum.	I need a visa for the trip to China.
a22_l10_grippe	Sie liegt mit Grippe im Bett.	She's in bed with flu.
a22_l10_impfung	Vor der Reise brauchen wir eine Impfung.	We need a vaccination before the trip.
a22_l10_sorge	Mach dir keine Sorgen!	Don't worry!
a22_l11_zoo	Am Sonntag gehen wir mit den Kindern in den Zoo.	On Sunday we are going to the zoo with the children.
a22_l11_richtung	Fahren Sie in Richtung Zentrum.	Drive towards the centre.
a22_l11_fluss	Der Fluss fließt mitten durch die Stadt.	The river flows right through the city.
a22_l11_kreuzung	An der Kreuzung biegen Sie rechts ab.	Turn right at the crossroads.
a22_l11_ausfahrt	Nehmen Sie die nächste Ausfahrt.	Take the next exit.
a22_l11_stau	Wegen eines Unfalls stehen wir im Stau.	We're stuck in a traffic jam because of an accident.
a22_l11_rad	Bei schönem Wetter fahre ich mit dem Rad zur Arbeit.	When the weather is nice I cycle to work.
a22_l11_wagen	Unser Wagen steht in der Garage.	Our car is in the garage.
a22_l11_moped	Mit 16 fährt er schon Moped.	At 16 he already rides a moped.
a22_l11_verkehrsmittel	Das Fahrrad ist mein liebstes Verkehrsmittel.	The bike is my favourite means of transport.
a22_l11_benzin	Das Benzin ist wieder teurer geworden.	Petrol has got more expensive again.
a22_l11_batterie	Die Batterie vom Handy ist leer.	The phone battery is flat.
a22_l11_baustelle	Vor der Baustelle muss man langsam fahren.	You have to drive slowly before the roadworks.
a22_l11_spur	Bleiben Sie auf der rechten Spur.	Stay in the right-hand lane.
a22_l11_fahrbahn	Bei Eis ist die Fahrbahn sehr glatt.	When it's icy the road is very slippery.
a22_l11_buergersteig	Auf dem Bürgersteig dürfen keine Autos parken.	Cars are not allowed to park on the pavement.
a22_l11_radfahrer	Der Radfahrer trägt einen Helm.	The cyclist is wearing a helmet.
a22_l11_knie	Beim Fußball hat er sich am Knie verletzt.	He hurt his knee playing football.
a22_l11_pflaster	Ich klebe dir ein Pflaster auf den Finger.	I'll put a plaster on your finger.
a22_l11_liebling	Pizza ist der Liebling aller Kinder.	Pizza is every child's favourite.
a22_l11_nebel	Am Morgen gibt es dichten Nebel.	There is thick fog in the morning.
a22_l11_sturm	Der Sturm hat viele Bäume umgeworfen.	The storm knocked down lots of trees.
a22_l11_gewitter	Am Nachmittag gibt es ein Gewitter.	There will be a thunderstorm in the afternoon.
a22_l11_chaos	Nach der Party war in der Küche das totale Chaos.	After the party the kitchen was total chaos.
a22_l11_region	In dieser Region wächst guter Wein.	Good wine grows in this region.
a22_l11_hitze	Bei dieser Hitze bleiben wir im Haus.	In this heat we're staying indoors.
a22_l11_teil	Ein Teil der Gruppe fährt mit dem Bus.	Part of the group is going by bus.
a22_l11_gefahr	Bei Glatteis besteht Gefahr auf den Straßen.	There is danger on the roads when it's icy.
a22_l11_buerger	Die Bürger wählen einen neuen Bürgermeister.	The citizens are electing a new mayor.
a22_l11_buergerin	Jede Bürgerin kann ihre Meinung sagen.	Every citizen can say what she thinks.
a22_l11_aussicht	Vom Turm hat man eine tolle Aussicht.	You get a great view from the tower.
a22_l11_start	Beim Start des Flugzeugs bitte anschnallen.	Please fasten your seatbelt for take-off.
a22_l11_landung	Die Landung war ein bisschen unruhig.	The landing was a bit bumpy.
a22_l11_abflug	Der Abflug nach Madrid ist um 6:40 Uhr.	The departure to Madrid is at 6:40.
a22_l11_verstaendnis	Danke für Ihr Verständnis.	Thank you for your understanding.
a22_l11_fussgaenger	Der Fußgänger geht bei Rot über die Straße.	The pedestrian crosses the road on red.
a22_l11_fussgaengerin	Die Fußgängerin wartet an der Ampel.	The pedestrian is waiting at the traffic light.
a22_l11_strafzettel	Ich habe falsch geparkt und einen Strafzettel bekommen.	I parked in the wrong place and got a parking ticket.
a22_l11_strafe	Zu schnell fahren kostet eine hohe Strafe.	Speeding costs a high fine.
a22_l11_fahrer	Der Fahrer hält an jeder Haltestelle.	The driver stops at every stop.
a22_l11_fahrerin	Die Fahrerin des Busses ist sehr nett.	The bus driver is very nice.
a22_l11_unterschied	Was ist der Unterschied zwischen den zwei Wörtern?	What is the difference between the two words?
a22_l11_tempo	In der Stadt gilt Tempo 30.	In town the speed limit is 30.
a22_l12_kuh	Die Kuh steht auf der Weide.	The cow is standing in the pasture.
a22_l12_pferd	Meine Tochter reitet gern auf dem Pferd.	My daughter likes riding the horse.
a22_l12_schaf	Aus der Wolle vom Schaf macht man Pullover.	Jumpers are made from sheep's wool.
a22_l12_tal	Das Dorf liegt unten im Tal.	The village lies down in the valley.
a22_l12_wiese	Wir machen ein Picknick auf der Wiese.	We are having a picnic in the meadow.
a22_l12_festival	Im Sommer fahren wir zu einem Musikfestival.	In the summer we go to a music festival.
a22_l12_pension	Wir wohnen in einer kleinen Pension am See.	We are staying in a small guesthouse by the lake.
a22_l12_camping	Camping ist günstiger als ein Hotel.	Camping is cheaper than a hotel.
a22_l12_ubernachtung	Eine Übernachtung kostet 45 Euro.	One night costs 45 euros.
a22_l12_jugendherberge	Die Klasse übernachtet in einer Jugendherberge.	The class is staying the night at a youth hostel.
a22_l12_aufenthalt	Wir wünschen Ihnen einen schönen Aufenthalt!	We wish you a pleasant stay!
a22_l12_ausstellung	Die Ausstellung zeigt Bilder von Picasso.	The exhibition shows pictures by Picasso.
a22_l12_reisebuero	Im Reisebüro buchen wir unseren Urlaub.	We book our holiday at the travel agency.
a22_l12_spezialist	Für die Knie muss ich zu einem Spezialisten.	I have to see a specialist for my knees.
a22_l12_verbindung	Die Verbindung nach Paris ist sehr gut.	The connection to Paris is very good.
a22_l12_reiseziel	Italien ist ein beliebtes Reiseziel.	Italy is a popular holiday destination.
a22_l12_gebirge	Im Gebirge liegt schon Schnee.	There is already snow in the mountains.
a22_l12_kueste	Wir fahren mit dem Rad an der Küste entlang.	We cycle along the coast.
a22_l12_unterkunft	Wir suchen noch eine Unterkunft für die Nacht.	We're still looking for somewhere to stay the night.
a22_l12_spezialistin	Die Spezialistin für Haut hat erst im Mai einen Termin.	The skin specialist has no appointment until May.
a22_l13_betrag	Bitte überweisen Sie den Betrag bis Freitag.	Please transfer the amount by Friday.
a22_l13_girokonto	Für das Gehalt brauche ich ein Girokonto.	I need a current account for my salary.
a22_l13_geldautomat	Der Geldautomat ist direkt neben der Bank.	The cash machine is right next to the bank.
a22_l13_ec_karte	Am Geldautomaten hebe ich mit der EC-Karte Geld ab.	I withdraw money at the cash machine with my debit card.
a22_l13_zoll	Auf Zigaretten muss man Zoll bezahlen.	You have to pay customs duty on cigarettes.
a22_l13_staat	Der Staat bezahlt einen Teil der Kosten.	The state pays part of the costs.
a22_l13_bargeld	Hier kann man nur mit Bargeld bezahlen.	You can only pay in cash here.
a22_l13_taschengeld	Die Kinder bekommen jede Woche Taschengeld.	The children get pocket money every week.
a22_l13_summe	Die Summe ist höher als gedacht.	The sum is higher than expected.
a22_l13_gehalt	Mein Gehalt reicht für eine größere Wohnung.	My salary is enough for a bigger flat.
a22_l13_erhoehung	Die Erhöhung der Miete kommt im Januar.	The rent increase comes in January.
a22_l13_kontoauszug	Auf dem Kontoauszug sehe ich alle Zahlungen.	I can see all the payments on the bank statement.
a22_l13_kraft	Nach der Krankheit hat er wenig Kraft.	After the illness he has little strength.
a22_l13_trainer	Der Trainer ist mit der Mannschaft zufrieden.	The coach is happy with the team.
a22_l13_kontrolle	Im Zug gibt es eine Kontrolle der Fahrkarten.	There is a ticket inspection on the train.
a22_l13_fortschritt	Sie macht große Fortschritte im Deutschkurs.	She is making great progress in the German course.
a22_l13_bremse	Die Bremse am Fahrrad funktioniert nicht.	The brake on the bike doesn't work.
a22_l13_artikel	In der Zeitung steht ein Artikel über unsere Schule.	There's an article about our school in the paper.
a22_l13_menue	Das Menü mit Suppe und Dessert kostet 14 Euro.	The set meal with soup and dessert costs 14 euros.
a22_l13_ober	Herr Ober, die Rechnung bitte!	Waiter, the bill please!
a22_l14_motor	Der Motor macht komische Geräusche.	The engine is making strange noises.
a22_l14_kindheit	In meiner Kindheit haben wir auf dem Land gewohnt.	In my childhood we lived in the country.
a22_l14_quatsch	Das ist doch Quatsch!	That's nonsense!
a22_l14_lokal	Das Lokal an der Ecke hat gutes Bier.	The pub on the corner has good beer.
a22_l14_gegenteil	Das Gegenteil von „heiß“ ist „kalt“.	The opposite of "hot" is "cold".
a22_l14_paar	Ein junges Paar zieht in die Wohnung nebenan.	A young couple is moving into the flat next door.
a22_l14_erziehung	Für die Erziehung der Kinder sind beide Eltern da.	Both parents are there for bringing up the children.
a22_l14_ratschlag	Danke für deinen Ratschlag!	Thanks for your advice!
a22_l14_maus	Die Katze jagt eine Maus.	The cat is chasing a mouse.
a22_l14_raucher	Raucher müssen auf dem Balkon rauchen.	Smokers have to smoke on the balcony.
a22_l14_raucherin	Sie war zwanzig Jahre lang Raucherin.	She was a smoker for twenty years.
a22_l14_maerchen	Oma liest den Kindern ein Märchen vor.	Grandma reads the children a fairy tale.
a22_l14_einfall	Das ist ein guter Einfall!	That's a good idea!
a22_l14_haustier	Unser Haustier ist ein kleiner Hase.	Our pet is a little rabbit.
b11_l1_erlebnis	Die Reise nach Island war ein tolles Erlebnis.	The trip to Iceland was a great experience.
b11_l1_uberraschung	Wir planen eine Überraschung für Mamas Geburtstag.	We are planning a surprise for Mum's birthday.
b11_l1_gewinn	Mit dem Gewinn aus dem Lotto kauft er ein Auto.	He buys a car with his lottery winnings.
b11_l1_steuer	Auf Benzin zahlt man viel Steuer.	You pay a lot of tax on petrol.
b11_l1_mut	Es hat viel Mut gebraucht, die Stelle zu wechseln.	It took a lot of courage to change jobs.
b11_l1_leben	Das Leben in der Stadt ist teuer.	Life in the city is expensive.
b11_l1_religion	In der Schule gibt es auch das Fach Religion.	There is also religious education at school.
b11_l1_standesamt	Sie heiraten am Freitag auf dem Standesamt.	They are getting married at the registry office on Friday.
b11_l1_brief	Ich habe einen Brief vom Finanzamt bekommen.	I've received a letter from the tax office.
b11_l1_motorroller	Mit dem Motorroller ist man in der Stadt schnell.	You get around town quickly on a scooter.
b11_l1_feld	Die Spieler laufen auf das Feld.	The players run onto the pitch.
b11_l1_tor	In der letzten Minute fällt das Tor.	The goal comes in the last minute.
b11_l1_mitternacht	Um Mitternacht gibt es ein Feuerwerk.	There are fireworks at midnight.
b11_l1_stein	Das alte Haus ist aus Stein gebaut.	The old house is built of stone.
b11_l1_loewe	Der Löwe schläft im Schatten.	The lion is sleeping in the shade.
b11_l1_meldung	Im Radio kam eine Meldung über den Sturm.	There was a news item about the storm on the radio.
b11_l1_uberschrift	Die Überschrift des Artikels ist sehr lustig.	The headline of the article is very funny.
b11_l1_bericht	Der Arzt schreibt einen Bericht für die Versicherung.	The doctor writes a report for the insurance.
b11_l1_angabe	Bitte machen Sie genaue Angaben zu Ihrer Person.	Please give exact details about yourself.
b11_l1_rentner	Der Rentner füttert jeden Tag die Tauben.	The pensioner feeds the pigeons every day.
b11_l1_rentnerin	Als Rentnerin hat sie endlich Zeit für den Garten.	As a pensioner she finally has time for the garden.
b11_l1_einbrecher	Die Polizei hat den Einbrecher gefasst.	The police caught the burglar.
b11_l1_einbrecherin	Die Einbrecherin kam durch das Fenster.	The burglar came in through the window.
b11_l1_bedarf	Bei Bedarf rufen Sie mich bitte an.	Call me if you need to.
b11_l1_vermittlung	Die Agentur hilft bei der Vermittlung von Wohnungen.	The agency helps with finding flats for people.
b11_l1_metropole	Berlin ist eine Metropole mit vielen Kulturen.	Berlin is a metropolis with many cultures.
b11_l1_verhaeltnis	Ich habe ein gutes Verhältnis zu meinen Eltern.	I have a good relationship with my parents.
b11_l2_serie	Abends schauen wir eine Serie im Fernsehen.	In the evenings we watch a series on TV.
b11_l2_folge	Die neue Folge kommt am Sonntag.	The new episode is on Sunday.
b11_l2_charakter	Sie hat einen starken Charakter.	She has a strong character.
b11_l2_figur	Die Hauptfigur im Roman ist ein Detektiv.	The main character in the novel is a detective.
b11_l2_typ	Er ist ein netter Typ.	He's a nice guy.
b11_l2_verlierer	Am Ende des Films ist er der große Verlierer.	At the end of the film he is the big loser.
b11_l2_titel	Wie ist der Titel von dem Buch?	What's the title of the book?
b11_l2_vergangenheit	Über seine Vergangenheit spricht er nicht gern.	He doesn't like talking about his past.
b11_l2_operation	Die Operation hat zwei Stunden gedauert.	The operation took two hours.
b11_l2_blut	Beim Arzt nimmt man mir Blut ab.	They take a blood sample at the doctor's.
b11_l2_fall	Der Kommissar löst den Fall.	The detective solves the case.
b11_l2_kiste	Die Äpfel liegen in einer Kiste im Keller.	The apples are in a crate in the cellar.
b11_l2_ufer	Wir sitzen am Ufer des Flusses.	We are sitting on the bank of the river.
b11_l2_abenteuer	Die Reise durch Afrika war ein großes Abenteuer.	The trip through Africa was a big adventure.
b11_l2_musiker	Der Musiker spielt Gitarre auf der Straße.	The musician plays guitar on the street.
b11_l2_musikerin	Die Musikerin spielt im Orchester Geige.	The musician plays the violin in the orchestra.
b11_l2_saenger	Der Sänger singt auf Deutsch und Englisch.	The singer sings in German and English.
b11_l2_saengerin	Die Sängerin ist in ganz Europa bekannt.	The singer is famous all over Europe.
b11_l2_band	Die Band spielt heute Abend im Park.	The band is playing in the park this evening.
b11_l2_song	Diesen Song höre ich immer beim Joggen.	I always listen to this song when I go jogging.
b11_l2_hit	Das Lied war in den Achtzigern ein Hit.	The song was a hit in the eighties.
b11_l2_grossstadt	Das Leben in der Großstadt ist oft hektisch.	Life in a big city is often hectic.
b11_l2_star	Der Star gibt nach dem Konzert Autogramme.	The star signs autographs after the concert.
b11_l2_szene	Die letzte Szene im Film ist sehr traurig.	The last scene in the film is very sad.
b11_l2_humor	Mein Chef hat viel Humor.	My boss has a great sense of humour.
b11_l2_gewalt	Der Film zeigt zu viel Gewalt.	The film shows too much violence.
b11_l2_arbeitslosigkeit	Die Arbeitslosigkeit ist dieses Jahr gesunken.	Unemployment has fallen this year.
b11_l2_migrant	Ein Migrant erzählt von seinem neuen Leben.	A migrant talks about his new life.
b11_l2_migrantin	Die Migrantin hat in Deutschland eine Firma gegründet.	The migrant founded a company in Germany.
b11_l2_rundfunk	Für den Rundfunk zahlt man eine Gebühr.	You pay a licence fee for broadcasting.
b11_l2_person	Der Tisch ist für vier Personen.	The table is for four people.
b11_l2_rat	Kannst du mir einen Rat geben?	Can you give me some advice?
b11_l2_gegenstand	Bitte legen Sie alle Gegenstände aus Metall in die Kiste.	Please put all metal objects in the box.
b11_l2_aufgabe	Meine Aufgabe ist es, die Gäste zu begrüßen.	My task is to welcome the guests.
b11_l3_magen	Nach dem fetten Essen tut mir der Magen weh.	My stomach hurts after the fatty food.
b11_l3_wunde	Die Wunde am Knie heilt gut.	The wound on the knee is healing well.
b11_l3_verband	Die Krankenschwester macht einen neuen Verband.	The nurse puts on a new bandage.
b11_l3_insekt	Ein Insekt hat mich gestochen.	An insect has stung me.
b11_l3_schulter	Nach dem Tennis tut mir die Schulter weh.	My shoulder hurts after tennis.
b11_l3_sprechstunde	Die Sprechstunde ist von acht bis zwölf.	Consultation hours are from eight to twelve.
b11_l3_schmerzmittel	Ohne Schmerzmittel kann ich nicht schlafen.	I can't sleep without painkillers.
b11_l3_medikament	Nehmen Sie das Medikament dreimal am Tag.	Take the medicine three times a day.
b11_l3_einnahme	Vor der Einnahme lesen Sie bitte die Packungsbeilage.	Please read the leaflet before taking it.
b11_l3_fachfrau	Sie ist Fachfrau für Ernährung.	She is a nutrition expert.
b11_l3_fachmann	Für die Heizung brauchen wir einen Fachmann.	We need an expert for the heating.
b11_l3_abfalleimer	Wirf das Papier in den Abfalleimer.	Throw the paper in the rubbish bin.
b11_l3_mittel	Tee mit Honig ist ein gutes Mittel gegen Husten.	Tea with honey is a good remedy for a cough.
b11_l3_schlaf	Ich brauche mindestens acht Stunden Schlaf.	I need at least eight hours of sleep.
b11_l3_faktor	Stress ist ein wichtiger Faktor bei vielen Krankheiten.	Stress is an important factor in many illnesses.
b11_l3_grundlage	Gesundes Essen ist die Grundlage für ein langes Leben.	Healthy food is the foundation of a long life.
b11_l3_wirkung	Die Tablette zeigt schnell Wirkung.	The tablet takes effect quickly.
b11_l3_mangel	In Krankenhäusern gibt es einen Mangel an Personal.	There is a shortage of staff in hospitals.
b11_l3_unsinn	Rede keinen Unsinn!	Don't talk nonsense!
b11_l3_fett	Die Wurst hat viel Fett.	The sausage has a lot of fat.
b11_l3_verbesserung	Nach der Therapie gibt es eine deutliche Verbesserung.	After the therapy there is a clear improvement.
b11_l3_realitaet	In der Realität ist das nicht so einfach.	In reality it's not that simple.
b11_l3_backofen	Der Kuchen bleibt 40 Minuten im Backofen.	The cake stays in the oven for 40 minutes.
b11_l3_quark	Zum Frühstück esse ich Quark mit Obst.	For breakfast I eat quark with fruit.
b11_l3_vitamin	Orangen haben viel Vitamin C.	Oranges have lots of vitamin C.
b11_l3_gewicht	Er möchte sein Gewicht reduzieren.	He wants to reduce his weight.
b11_l3_haelfte	Die Hälfte der Klasse ist krank.	Half of the class is ill.
b11_l3_drittel	Ein Drittel der Menschen arbeitet von zu Hause.	A third of people work from home.
b11_l4_fremdsprache	Englisch ist meine erste Fremdsprache.	English is my first foreign language.
b11_l4_muttersprache	Meine Muttersprache ist Arabisch.	My native language is Arabic.
b11_l4_ausdruck	Diesen Ausdruck verstehe ich nicht.	I don't understand this expression.
b11_l4_wiederholung	Vor der Prüfung machen wir eine Wiederholung.	We do a review before the exam.
b11_l4_spiegel	Sie schaut in den Spiegel.	She looks in the mirror.
b11_l4_satz	Bitte schreiben Sie einen ganzen Satz.	Please write a full sentence.
b11_l4_trennung	Nach der Trennung zieht er in eine kleine Wohnung.	After the separation he moves into a small flat.
b11_l4_autor	Der Autor liest aus seinem neuen Buch.	The author reads from his new book.
b11_l4_autorin	Die Autorin schreibt Krimis.	The author writes crime novels.
b11_l4_dialekt	In Bayern spricht man einen starken Dialekt.	In Bavaria people speak a strong dialect.
b11_l4_schrift	Ich kann die Schrift von meinem Arzt nicht lesen.	I can't read my doctor's handwriting.
b11_l4_eile	Ich bin in Eile, wir sprechen später.	I'm in a hurry, let's talk later.
b11_l4_keller	Die Fahrräder stehen im Keller.	The bikes are in the basement.
b11_l4_wahrheit	Sag mir bitte die Wahrheit.	Please tell me the truth.
b11_l4_praesident	Der Präsident hält eine Rede im Fernsehen.	The president gives a speech on TV.
b11_l4_praesidentin	Die Präsidentin des Vereins begrüßt die Mitglieder.	The president of the club welcomes the members.
b11_l4_portemonnaie	Mein Portemonnaie liegt noch im Auto.	My wallet is still in the car.
b11_l5_ausbildungsplatz	Er hat endlich einen Ausbildungsplatz als Elektriker gefunden.	He has finally found an apprenticeship as an electrician.
b11_l5_talent	Sie hat großes Talent für Musik.	She has a great talent for music.
b11_l5_bau	Der Bau des neuen Bahnhofs dauert drei Jahre.	The construction of the new station takes three years.
b11_l5_forschung	Sie arbeitet in der Forschung an einem neuen Medikament.	She works in research on a new drug.
b11_l5_unterstuetzung	Danke für deine Unterstützung beim Umzug!	Thanks for your help with the move!
b11_l5_haushalt	Im Haushalt helfen alle mit.	Everyone helps with the household.
b11_l5_vorteil	Ein Vorteil der Wohnung ist der große Balkon.	One advantage of the flat is the big balcony.
b11_l5_aushilfe	Das Café sucht eine Aushilfe für das Wochenende.	The café is looking for a temporary helper for the weekend.
b11_l5_verantwortung	Als Chefin trägt sie viel Verantwortung.	As boss she carries a lot of responsibility.
b11_l5_projekt	Unser Team arbeitet an einem neuen Projekt.	Our team is working on a new project.
b11_l5_anlage	In der Anlage finden Sie meinen Lebenslauf.	Please find my CV attached.
b11_l5_lebenslauf	Schicken Sie uns bitte Ihren Lebenslauf.	Please send us your CV.
b11_l5_taetigkeit	Zu meinen Tätigkeiten gehört auch der Kundenkontakt.	My duties also include customer contact.
b11_l5_vorbereitung	Die Vorbereitung auf die Prüfung dauert Wochen.	Preparing for the exam takes weeks.
b11_l5_sicherheit	Für die Sicherheit der Kinder gibt es eine Ampel.	There is a traffic light for the children's safety.
b11_l5_dienst	Der Arzt hat heute Nacht Dienst.	The doctor is on duty tonight.
b11_l5_webseite	Alle Informationen finden Sie auf unserer Webseite.	You'll find all the information on our website.
b11_l5_wissenschaftler	Der Wissenschaftler erforscht das Klima.	The scientist researches the climate.
b11_l5_wissenschaftlerin	Die Wissenschaftlerin hat einen Preis gewonnen.	The scientist has won a prize.
b11_l5_reihe	Wir sitzen im Kino in der dritten Reihe.	We are sitting in the third row at the cinema.
b11_l5_runde	Nach dem Essen machen wir eine Runde um den See.	After the meal we take a walk around the lake.
b11_l5_methode	Mit dieser Methode lernt man Vokabeln schneller.	With this method you learn vocabulary faster.
b11_l5_wanderung	Die Wanderung auf den Berg dauert vier Stunden.	The hike up the mountain takes four hours.
b11_l5_zeitpunkt	Jetzt ist nicht der richtige Zeitpunkt für das Gespräch.	Now is not the right time for the conversation.
b11_l5_lehrer	Unser Lehrer erklärt die Grammatik sehr gut.	Our teacher explains the grammar very well.
b11_l5_lehrerin	Die Lehrerin korrigiert am Abend die Tests.	The teacher marks the tests in the evening.
b11_l5_verkaeufer	Der Verkäufer berät mich beim Kauf vom Fernseher.	The salesman advises me on buying the TV.
b11_l5_verkaeuferin	Die Verkäuferin packt das Geschenk ein.	The saleswoman wraps up the present.
b11_l6_risiko	Das Risiko ist mir zu groß.	The risk is too big for me.
b11_l6_wettbewerb	Sie hat beim Wettbewerb den ersten Platz gemacht.	She took first place in the competition.
b11_l6_studio	Die Band nimmt im Studio ein neues Album auf.	The band is recording a new album in the studio.
b11_l6_geheimnis	Kannst du ein Geheimnis für dich behalten?	Can you keep a secret?
b11_l6_anderung	Gibt es eine Änderung im Plan?	Is there a change in the plan?
b11_l6_sinn	Es hat keinen Sinn, heute noch zu fahren.	There's no point in driving today.
b11_l6_heimweh	Im ersten Monat hatte sie oft Heimweh.	In the first month she was often homesick.
b11_l6_sandwich	Für die Pause mache ich mir ein Sandwich.	I make myself a sandwich for the break.
b11_l6_gewuerz	Dieses Gewürz macht die Suppe scharf.	This spice makes the soup hot.
b11_l6_getreide	Aus Getreide macht man Mehl.	Flour is made from grain.
b11_l6_zweifel	Ich habe Zweifel, ob das richtig ist.	I have doubts whether that is right.
b11_l6_rede	Bei der Hochzeit hält der Vater eine Rede.	The father gives a speech at the wedding.
b11_l6_kompromiss	Wir müssen einen Kompromiss finden.	We have to find a compromise.
b11_l6_muehe	Vielen Dank für Ihre Mühe!	Thank you very much for your trouble!
b11_l6_zahncreme	Kinder brauchen eine spezielle Zahncreme.	Children need a special toothpaste.
b11_l6_buerste	Mit der Bürste mache ich die Schuhe sauber.	I clean the shoes with the brush.
b11_l7_prozess	Der Prozess gegen den Dieb beginnt morgen.	The thief's trial begins tomorrow.
b11_l7_laerm	Der Lärm von der Straße stört mich beim Schlafen.	The noise from the street disturbs my sleep.
b11_l7_rechtsanwalt	Ich frage meinen Rechtsanwalt um Rat.	I'll ask my lawyer for advice.
b11_l7_rechtsanwaeltin	Die Rechtsanwältin liest den Vertrag genau.	The lawyer reads the contract carefully.
b11_l7_anwalt	Der Anwalt verteidigt seinen Klienten.	The lawyer defends his client.
b11_l7_anwaeltin	Wir brauchen eine Anwältin für den Streit mit dem Vermieter.	We need a lawyer for the dispute with the landlord.
b11_l7_pflicht	In Deutschland gibt es eine Pflicht zur Schule.	In Germany school is compulsory.
b11_l7_erlaubnis	Für das Fest brauchen wir eine Erlaubnis von der Stadt.	We need permission from the city for the festival.
b11_l7_verbot	Im Park gilt ein Verbot für Hunde.	There is a ban on dogs in the park.
b11_l7_recht	Jeder Mensch hat das Recht auf Bildung.	Everyone has the right to education.
b11_l7_vermieter	Der Vermieter will die Miete erhöhen.	The landlord wants to raise the rent.
b11_l7_vermieterin	Die Vermieterin wohnt im Erdgeschoss.	The landlady lives on the ground floor.
b11_l7_frechheit	So eine Frechheit, er hat sich vorgedrängelt!	What a cheek, he pushed in!
b11_l7_grundstueck	Auf dem Grundstück wollen sie ein Haus bauen.	They want to build a house on the plot.
b11_l7_rasen	Am Samstag mäht Papa den Rasen.	On Saturday Dad mows the lawn.
b11_l7_bundesland	Bayern ist das größte Bundesland.	Bavaria is the largest federal state.
b11_l7_eigentum	Das Auto ist Eigentum der Firma.	The car is the property of the company.
b11_l7_kneipe	Nach der Arbeit treffen wir uns in der Kneipe.	After work we meet in the pub.
b11_l7_link	Ich schicke dir den Link per Mail.	I'll send you the link by email.
b11_l7_alternative	Gibt es eine Alternative zum Auto?	Is there an alternative to the car?
b11_l7_zuhause	Die Wohnung ist jetzt unser Zuhause.	The flat is our home now.
b11_l7_wirklichkeit	In Wirklichkeit ist er sehr schüchtern.	In reality he is very shy.
b11_l7_beziehung	Sie sind seit drei Jahren in einer Beziehung.	They have been in a relationship for three years.
b11_l7_wiedersehen	Das Wiedersehen nach zehn Jahren war wunderbar.	Seeing each other again after ten years was wonderful.
b11_l7_distanz	Die Distanz zwischen den Städten ist 200 Kilometer.	The distance between the cities is 200 kilometres.
b11_l7_schwierigkeit	Am Anfang hatte ich Schwierigkeiten mit der Sprache.	At the beginning I had difficulties with the language.
b11_l7_nachteil	Ein Nachteil ist der lange Weg zur Arbeit.	One disadvantage is the long way to work.
b11_l7_planung	Die Planung der Reise macht mir Spaß.	I enjoy planning the trip.
b11_l7_seite	Öffnen Sie das Buch auf Seite 25.	Open the book at page 25.
b12_l8_auftrag	Die Firma hat einen großen Auftrag bekommen.	The company has received a big order.
b12_l8_kuli	Hast du einen Kuli für mich?	Do you have a pen for me?
b12_l8_arbeitsplatz	Mein Arbeitsplatz ist direkt am Fenster.	My workplace is right by the window.
b12_l8_zusammenarbeit	Vielen Dank für die gute Zusammenarbeit!	Thank you for the good teamwork!
b12_l8_betriebsklima	Das Betriebsklima in unserer Firma ist super.	The workplace climate in our company is great.
b12_l8_arbeitsatmosphaere	Eine gute Arbeitsatmosphäre ist mir wichtiger als Geld.	A good working atmosphere is more important to me than money.
b12_l8_atmosphaere	Das Restaurant hat eine gemütliche Atmosphäre.	The restaurant has a cosy atmosphere.
b12_l8_studie	Laut einer Studie schlafen Jugendliche zu wenig.	According to a study teenagers sleep too little.
b12_l8_werbung	Im Fernsehen gibt es zu viel Werbung.	There's too much advertising on TV.
b12_l8_grenze	Wir fahren über die Grenze nach Österreich.	We drive over the border into Austria.
b12_l8_konsequenz	Das hat Konsequenzen für das ganze Team.	That has consequences for the whole team.
b12_l8_sportler	Der Sportler trainiert jeden Tag sechs Stunden.	The athlete trains six hours every day.
b12_l8_sportlerin	Die Sportlerin hat eine Goldmedaille gewonnen.	The athlete has won a gold medal.
b12_l8_freundschaft	Unsere Freundschaft hat schon zwanzig Jahre gehalten.	Our friendship has already lasted twenty years.
b12_l8_gemeinschaft	Im Dorf gibt es eine starke Gemeinschaft.	There is a strong community in the village.
b12_l8_einfluss	Freunde haben großen Einfluss auf Jugendliche.	Friends have a big influence on teenagers.
b12_l8_elternabend	Am Donnerstag ist Elternabend in der Schule.	There is a parents' evening at school on Thursday.
b12_l8_gedicht	Die Kinder lernen ein Gedicht auswendig.	The children learn a poem by heart.
b12_l8_orchester	Das Orchester spielt heute Mozart.	The orchestra is playing Mozart today.
b12_l8_vergleich	Im Vergleich zu Berlin ist München teuer.	Compared with Berlin, Munich is expensive.
b12_l9_rechner	Mein Rechner ist abgestürzt.	My computer has crashed.
b12_l9_monitor	Der Monitor ist zu dunkel eingestellt.	The monitor is set too dark.
b12_l9_tastatur	Auf der Tastatur fehlt das „ß“.	The "ß" is missing on the keyboard.
b12_l9_taste	Drücken Sie die grüne Taste.	Press the green button.
b12_l9_ordner	Die Rechnungen sind im blauen Ordner.	The bills are in the blue folder.
b12_l9_datei	Ich schicke dir die Datei per E-Mail.	I'll send you the file by email.
b12_l9_kopie	Bitte machen Sie eine Kopie von Ihrem Pass.	Please make a copy of your passport.
b12_l9_virus	Mein Computer hat einen Virus.	My computer has a virus.
b12_l9_passwort	Ich habe mein Passwort vergessen.	I have forgotten my password.
b12_l9_symbol	Klicken Sie auf das Symbol oben rechts.	Click on the icon at the top right.
b12_l9_akku	Der Akku hält nur noch einen halben Tag.	The battery only lasts half a day now.
b12_l9_smartphone	Mit dem Smartphone bezahle ich im Supermarkt.	I pay with my smartphone in the supermarket.
b12_l9_bedienungsanleitung	Die Bedienungsanleitung gibt es auch auf Deutsch.	The instruction manual is also available in German.
b12_l9_erfindung	Das Telefon war eine wichtige Erfindung.	The telephone was an important invention.
b12_l9_mitteilung	Am schwarzen Brett hängt eine Mitteilung für alle Mieter.	There's a notice for all tenants on the noticeboard.
b12_l9_diskussion	Nach dem Film gibt es eine Diskussion.	There is a discussion after the film.
b12_l9_standpunkt	Ich verstehe deinen Standpunkt, aber ich sehe es anders.	I understand your point of view, but I see it differently.
b12_l9_eindruck	Der neue Kollege macht einen guten Eindruck.	The new colleague makes a good impression.
b12_l9_manager	Der Manager reist jede Woche nach London.	The manager travels to London every week.
b12_l9_managerin	Die Managerin leitet ein Team von 30 Leuten.	The manager leads a team of 30 people.
b12_l9_transport	Der Transport der Möbel kostet extra.	Transporting the furniture costs extra.
b12_l9_wohnblock	Wir wohnen in einem großen Wohnblock am Stadtrand.	We live in a big block of flats on the edge of town.
b12_l9_gott	Mein Gott, bist du groß geworden!	My God, you've grown!
b12_l10_lieferung	Die Lieferung kommt in drei Tagen.	The delivery comes in three days.
b12_l10_verbraucher	Der Verbraucher hat das Recht auf eine Garantie.	The consumer has the right to a guarantee.
b12_l10_verbraucherin	Als Verbraucherin achtet sie auf Bio-Produkte.	As a consumer she pays attention to organic products.
b12_l10_hersteller	Der Hersteller repariert das Gerät kostenlos.	The manufacturer repairs the device free of charge.
b12_l10_bedingung	Ich komme mit, aber unter einer Bedingung.	I'll come, but on one condition.
b12_l10_umtausch	Ein Umtausch ist nur mit Kassenbon möglich.	Exchange is only possible with a receipt.
b12_l10_beleg	Heben Sie den Beleg für die Steuer auf.	Keep the receipt for your taxes.
b12_l10_missgeschick	Mir ist ein kleines Missgeschick passiert.	I've had a little mishap.
b12_l10_schlange	An der Kasse ist eine lange Schlange.	There's a long queue at the till.
b12_l10_limonade	Die Kinder trinken Limonade.	The children drink lemonade.
b12_l10_zelt	Wir schlafen im Zelt am See.	We sleep in a tent by the lake.
b12_l10_fotoapparat	Mein alter Fotoapparat macht noch gute Bilder.	My old camera still takes good pictures.
b12_l10_handtasche	In ihrer Handtasche ist immer ein Regenschirm.	There's always an umbrella in her handbag.
b12_l10_fahrzeug	Auf der Brücke dürfen keine schweren Fahrzeuge fahren.	Heavy vehicles are not allowed on the bridge.
b12_l10_aprikose	Ich kaufe ein Kilo Aprikosen für die Marmelade.	I'm buying a kilo of apricots for the jam.
b12_l10_handtuch	Vergiss dein Handtuch fürs Schwimmbad nicht.	Don't forget your towel for the swimming pool.
b12_l10_griff	Der Griff von der Tasche ist abgerissen.	The handle of the bag has come off.
b12_l10_kanal	Venedig ist bekannt für seine Kanäle.	Venice is famous for its canals.
b12_l10_rand	Stell das Glas nicht so nah an den Rand.	Don't put the glass so close to the edge.
b12_l10_haut	In der Sonne brauchst du Creme für die Haut.	In the sun you need cream for your skin.
b12_l10_gesicht	Das Kind hat Schokolade im Gesicht.	The child has chocolate on its face.
b12_l10_kampf	Der Kampf gegen den Krebs ist hart.	The fight against cancer is hard.
b12_l10_sieger	Der Sieger bekommt einen Pokal.	The winner gets a cup.
b12_l10_siegerin	Die Siegerin des Rennens kommt aus Kenia.	The winner of the race comes from Kenya.
b12_l10_dieb	Ein Dieb hat mein Fahrrad gestohlen.	A thief has stolen my bike.
b12_l10_diebin	Die Diebin wurde im Kaufhaus erwischt.	The thief was caught in the department store.
b12_l10_entwicklung	Die Entwicklung der Technik geht sehr schnell.	Technology is developing very quickly.
b12_l11_vertrauen	Ohne Vertrauen funktioniert keine Beziehung.	No relationship works without trust.
b12_l11_ruecksicht	Bitte nehmen Sie Rücksicht auf die Nachbarn.	Please be considerate of the neighbours.
b12_l11_aufforderung	Die Aufforderung zur Zahlung kam per Post.	The payment request came by post.
b12_l11_geschwindigkeitsbeschraenkung	Vor der Schule gibt es eine Geschwindigkeitsbeschränkung.	There is a speed limit in front of the school.
b12_l11_ausnahme	Heute mache ich eine Ausnahme und esse Kuchen.	Today I'm making an exception and eating cake.
b12_l11_generation	Drei Generationen wohnen in diesem Haus.	Three generations live in this house.
b12_l11_herkunftsland	In ihrem Herkunftsland war sie Lehrerin.	In her country of origin she was a teacher.
b12_l11_flucht	Die Familie erzählt von ihrer Flucht.	The family talks about their escape.
b12_l11_missverstaendnis	Das war nur ein Missverständnis.	That was just a misunderstanding.
b12_l11_wert	Der Ring hat einen hohen Wert.	The ring is worth a lot.
b12_l11_osterreicher	Ein Österreicher sagt „Servus“ zur Begrüßung.	An Austrian says "Servus" as a greeting.
b12_l11_osterreicherin	Meine Mitbewohnerin ist Österreicherin.	My flatmate is Austrian.
b12_l11_schweizer	Der Schweizer spricht Deutsch und Französisch.	The Swiss man speaks German and French.
b12_l11_schweizerin	Die Schweizerin lebt seit zwei Jahren in Hamburg.	The Swiss woman has lived in Hamburg for two years.
b12_l11_verabredung	Ich habe heute Abend eine Verabredung.	I have a date tonight.
b12_l11_bauer	Der Bauer verkauft seine Eier auf dem Markt.	The farmer sells his eggs at the market.
b12_l11_kasten	Wir kaufen einen Kasten Wasser.	We are buying a crate of water.
b12_l11_gebiet	In diesem Gebiet darf man nicht bauen.	You are not allowed to build in this area.
b12_l11_tropfen	Nehmen Sie zehn Tropfen in etwas Wasser.	Take ten drops in a little water.
b12_l11_ice	Mit dem ICE bin ich in vier Stunden in Berlin.	With the high-speed train I'm in Berlin in four hours.
b12_l11_speisewagen	Im Speisewagen trinken wir einen Kaffee.	We have a coffee in the dining car.
b12_l11_erkaeltung	Ich habe eine Erkältung und bleibe zu Hause.	I have a cold and I'm staying at home.
b12_l11_instrument	Spielst du ein Instrument?	Do you play an instrument?
b12_l11_floete	Meine Tochter lernt Flöte in der Musikschule.	My daughter is learning the flute at music school.
b12_l12_organisation	Sie arbeitet für eine Organisation, die Kindern hilft.	She works for an organization that helps children.
b12_l12_buergerinitiative	Eine Bürgerinitiative kämpft für einen neuen Spielplatz.	A citizens' initiative is fighting for a new playground.
b12_l12_einrichtung	Die Stadt hat viele Einrichtungen für Senioren.	The city has many facilities for senior citizens.
b12_l12_integration	Sprachkurse helfen bei der Integration.	Language courses help with integration.
b12_l12_jugend	In meiner Jugend habe ich viel Sport gemacht.	In my youth I did a lot of sport.
b12_l12_feuerwehr	Die Feuerwehr war in fünf Minuten da.	The fire brigade was there in five minutes.
b12_l12_altenheim	Meine Großmutter lebt in einem Altenheim.	My grandmother lives in a retirement home.
b12_l12_umweltschutz	Umweltschutz ist ein wichtiges Thema in der Schule.	Environmental protection is an important topic at school.
b12_l12_friede	Alle Menschen wünschen sich Frieden.	Everyone wishes for peace.
b12_l12_passagier	Die Passagiere steigen in das Flugzeug ein.	The passengers are boarding the plane.
b12_l12_rollstuhl	Seit dem Unfall sitzt er im Rollstuhl.	Since the accident he has used a wheelchair.
b12_l12_fundsache	Fundsachen kann man im Rathaus abholen.	You can collect lost property at the town hall.
b12_l12_geduld	Mit kleinen Kindern braucht man viel Geduld.	You need a lot of patience with small children.
b12_l12_faehre	Mit der Fähre fahren wir auf die Insel.	We go to the island by ferry.
b12_l12_verlust	Den Verlust der Karte müssen Sie sofort melden.	You must report the loss of the card immediately.
b12_l12_gewissen	Ich habe ein schlechtes Gewissen.	I have a guilty conscience.
b12_l12_luege	Das war eine Lüge!	That was a lie!
b12_l12_biene	Die Biene sitzt auf der Blume.	The bee is sitting on the flower.
b12_l12_wolle	Oma strickt einen Schal aus Wolle.	Grandma is knitting a woollen scarf.
b12_l12_kaelte	Bei dieser Kälte ziehe ich zwei Pullover an.	In this cold I'm wearing two jumpers.
b12_l12_verfallsdatum	Das Verfallsdatum der Milch ist schon vorbei.	The milk's expiry date has already passed.
b12_l13_regierung	Die Regierung plant neue Gesetze.	The government is planning new laws.
b12_l13_bundeskanzler	Der Bundeskanzler trifft den Präsidenten von Frankreich.	The chancellor meets the president of France.
b12_l13_bundeskanzlerin	Angela Merkel war 16 Jahre lang Bundeskanzlerin.	Angela Merkel was chancellor for 16 years.
b12_l13_buergermeister	Der Bürgermeister eröffnet das Stadtfest.	The mayor opens the town festival.
b12_l13_buergermeisterin	Die Bürgermeisterin spricht mit den Bürgern.	The mayor talks to the citizens.
b12_l13_macht	Der König hatte damals viel Macht.	The king had a lot of power in those days.
b12_l13_zone	In der Zone darf man nur 30 fahren.	You may only drive at 30 in the zone.
b12_l13_mauer	Die Berliner Mauer fiel im Jahr 1989.	The Berlin Wall fell in 1989.
b12_l13_freiheit	Für die Freiheit sind viele Menschen auf die Straße gegangen.	Many people took to the streets for freedom.
b12_l13_gesetz	Das neue Gesetz gilt ab Januar.	The new law applies from January.
b12_l13_vorschrift	Nach Vorschrift muss jeder einen Helm tragen.	According to the regulations everyone must wear a helmet.
b12_l13_demonstration	Tausende Menschen kommen zur Demonstration.	Thousands of people come to the demonstration.
b12_l13_gewerkschaft	Die Gewerkschaft fordert mehr Lohn.	The union is demanding higher wages.
b12_l13_streik	Wegen eines Streiks fahren heute keine Züge.	No trains are running today because of a strike.
b12_l13_versammlung	Die Versammlung der Mieter ist am Mittwoch.	The tenants' meeting is on Wednesday.
b12_l13_zeichen	Er gibt mir ein Zeichen mit der Hand.	He gives me a sign with his hand.
b12_l13_landwirtschaft	In der Landwirtschaft arbeiten heute weniger Menschen als früher.	Fewer people work in agriculture today than in the past.
b12_l13_hof	Die Kinder spielen im Hof.	The children are playing in the yard.
b12_l13_krieg	Mein Großvater hat den Krieg erlebt.	My grandfather lived through the war.
b12_l13_bombe	Bei Bauarbeiten hat man eine alte Bombe gefunden.	An old bomb was found during building work.
b12_l13_migrationshintergrund	Viele Schüler in der Klasse haben einen Migrationshintergrund.	Many pupils in the class have a migrant background.
b12_l13_herkunft	Die Herkunft spielt bei uns keine Rolle.	Where you come from doesn't matter here.
b12_l13_reportage	Die Reportage zeigt das Leben auf einem Bauernhof.	The feature shows life on a farm.
b12_l13_ansicht	Meiner Ansicht nach ist das eine gute Idee.	In my view that's a good idea.
b12_l13_zusammenhang	Ich verstehe den Zusammenhang nicht.	I don't understand the connection.
b12_l13_gegensatz	Im Gegensatz zu ihrem Bruder ist sie sehr ruhig.	Unlike her brother she is very quiet.
b12_l13_geschwindigkeit	Der Zug fährt mit einer Geschwindigkeit von 300 km/h.	The train travels at a speed of 300 km/h.
b12_l14_rueebli	In der Schweiz macht man Kuchen aus Rüebli.	In Switzerland they make cake from carrots.
b12_l14_gebaeck	Zum Kaffee gibt es Gebäck.	There are pastries with the coffee.
b12_l14_knoedel	Zum Braten essen wir Knödel.	We eat dumplings with the roast.
b12_l14_topfen	In Wien macht man Strudel mit Topfen.	In Vienna they make strudel with quark.
b12_l14_erdapfel	In Österreich sagt man Erdapfel statt Kartoffel.	In Austria they say "Erdapfel" instead of "Kartoffel".
b12_l14_geschmack	Die Suppe hat einen besonderen Geschmack.	The soup has a special flavour.
b12_l14_zutat	Für den Kuchen fehlt mir noch eine Zutat.	I'm still missing one ingredient for the cake.
b12_l14_tradition	Bei uns ist es Tradition, an Weihnachten Karpfen zu essen.	At our house it's a tradition to eat carp at Christmas.
b12_l14_gegend	In unserer Gegend gibt es viele Wälder.	There are many forests in our area.
b12_l14_mobilitaet	Ein Auto bedeutet für viele Menschen Mobilität.	For many people a car means mobility.
b12_l14_migration	Migration hat die Stadt stark verändert.	Migration has changed the city a lot.
b12_l14_volk	Das ganze Volk feierte das Ende des Krieges.	The whole nation celebrated the end of the war.
b12_l14_staatsangehoerigkeit	Sie hat die deutsche Staatsangehörigkeit.	She has German citizenship.
b12_l14_demokratie	In einer Demokratie wählen die Bürger.	In a democracy the citizens vote.
b12_l14_kontinent	Afrika ist ein großer Kontinent.	Africa is a big continent.
b12_l14_flaeche	Die Wohnung hat eine Fläche von 80 Quadratmetern.	The flat has an area of 80 square metres.
b12_l14_gelegenheit	Bei der nächsten Gelegenheit besuche ich dich.	I'll visit you at the next opportunity.
b12_l14_profi	Beim Kochen ist mein Mann ein echter Profi.	When it comes to cooking my husband is a real pro.
